EGBA142144EE,"84,134.51",BK.25X2,144,553.73,B548A41,6,732.88
EGBA144144LL,"129,631.64",BK.25X4,144,869.68,B548A42,6,732.88
EGBA384120BB,"117,504.93",BK.375X4,120,948.67,B548A42,5,732.88
EGBA142120JJ,"70,112.09",BK.25X2,120,553.73,B548A41,5,732.88
EGBA384120CB,"117,504.93",BK.375X4,120,948.67,B548A42,5,732.88
EGBA146120NN,"149,605.03",BK.25X6,120,"1,185.64",B548A52,5,"1,465.76"
EGBA143120DGT,"108,026.36",BK.25X3T,120,869.68,B548A42,5,732.88
EGBA142120EE,"70,112.09",BK.25X2,120,553.73,B548A41,5,732.88
EGBA144120NN,"108,026.36",BK.25X4,120,869.68,B548A42,5,732.88
EGBA144120CCT,"126,983.50",BK.25X4T,120,"1,027.66",B548A42,5,732.88
EGBA14296BB,"56,089.67",BK.25X2,96,553.73,B548A41,4,732.88
EGBA14296BD,"56,089.67",BK.25X2,96,553.73,B548A41,4,732.88
EGBA14396EC,"71,255.38",BK.25X3,96,711.71,B548A42,4,732.88
EGBA14296NN,"56,089.67",BK.25X2,96,553.73,B548A41,4,732.88
EGBA14496EE,"86,421.09",BK.25X4,96,869.68,B548A42,4,732.88
EGBA14496NN,"86,421.09",BK.25X4,96,869.68,B548A42,4,732.88
EGBA14396NN,"71,255.38",BK.25X3,96,711.71,B548A42,4,732.88
EGBA14496CC,"86,421.09",BK.25X4,96,869.68,B548A42,4,732.88
EGBC14296NN,"53,158.16",BK.25X2,96,553.73
EGBD14284NN,"48,142.01",BK.25X2,84,553.73,B548A74,4,407.16
EGBA14384CCT,"75,984.89",BK.25X3T,84,869.68,B548A42,4,732.88
EGBA14480GG,"72,506.16",BK.25X4,80,869.68,B548A42,4,732.88
EGBA14372GG,"53,441.54",BK.25X3,72,711.71,B548A42,3,732.88
EGBA14472BB,"64,815.82",BK.25X4,72,869.68,B548A42,3,732.88
EGBA14172NN,"30,634.34",BK.25X1,72,394.94,B548A41,3,732.88
EGBA14272NN,"42,067.25",BK.25X2,72,553.73,B548A41,3,732.88
EGBA14472CB,"64,815.82",BK.25X4,72,869.68,B548A42,3,732.88
EGBA14472CC,"64,815.82",BK.25X4,72,869.68,B548A42,3,732.88
EGBA14270EE,"40,959.79",BK.25X2,70,553.73,B548A41,3,732.88
EGBA12460NN,"87,603.47",BK.5X4,60,"1,423.41",B548A54,3,732.88
EGBA14260JJ,"35,422.49",BK.25X2,60,553.73,B548A41,3,732.88
EGBA14260BB,"35,422.49",BK.25X2,60,553.73,B548A41,3,732.88
EGBA14260NN,"35,422.49",BK.25X2,60,553.73,B548A41,3,732.88
EGBA14360DGT,"54,379.62",BK.25X3T,60,869.68,B548A42,3,732.88
EGBA14460GG,"54,379.62",BK.25X4,60,869.68,B548A42,3,732.88
EGBA14460CCT,"63,858.19",BK.25X4T,60,"1,027.66",B548A42,3,732.88
EGBA14660CC,"75,535.40",BK.25X6,60,"1,185.64",B548A52,3,"1,465.76"
EGBA38460NN,"59,118.91",BK.375X4,60,948.67,B548A42,3,732.88
EGBA38460BB,"59,118.91",BK.375X4,60,948.67,B548A42,3,732.88
EGBA14256JJ,"33,207.56",BK.25X2,56,553.73,B548A41,3,732.88
EGBA14354CC,"40,630.81",BK.25X3,54,711.71,B548A42,3,732.88
EGBA12448NN,"70,522.50",BK.5X4,48,"1,423.41",B548A54,3,732.88
EGBA14450EB,"45,682.79",BK.25X4,50,869.68,B548A42,3,732.88
EGBA14250BD,"29,885.18",BK.25X2,50,553.73,B548A41,3,732.88
EGBA14248BB,"28,777.72",BK.25X2,48,553.73,B548A41,3,732.88
EGBA14248GG,"28,777.72",BK.25X2,48,553.73,B548A41,3,732.88
EGBA14148NN,"21,155.77",BK.25X1,48,394.94,B548A41,3,732.88
EGBA14248JJ,"28,777.72",BK.25X2,48,553.73,B548A41,3,732.88
EGBA14248NN,"28,777.72",BK.25X2,48,553.73,B548A41,3,732.88
EGBA14348CC,"36,360.57",BK.25X3,48,711.71,B548A42,3,732.88
EGBA14348DGT,"43,943.42",BK.25X3T,48,869.68,B548A42,3,732.88
EGBA14448AA,"43,943.42",BK.25X4,48,869.68,B548A42,3,732.88
EGBA14348NN,"36,360.57",BK.25X3,48,711.71,B548A42,3,732.88
EGBA14448CC,"43,943.42",BK.25X4,48,869.68,B548A42,3,732.88
EGBA14448CB,"43,943.42",BK.25X4,48,869.68,B548A42,3,732.88
EGBA14448CCT,"51,526.28",BK.25X4T,48,"1,027.66",B548A42,3,732.88
EGBA14448GG,"43,943.42",BK.25X4,48,869.68,B548A42,3,732.88
EGBA14448LL,"43,943.42",BK.25X4,48,869.68,B548A42,3,732.88
EGBA14448MM,"43,943.42",BK.25X4,48,869.68,B548A42,3,732.88
EGBA14648BB,"61,307.77",BK.25X6,48,"1,185.64",B548A52,3,"1,465.76"
EGBA14448NNT,"51,526.28",BK.25X4T,48,"1,027.66",B548A42,3,732.88
EGBA14448RR,"43,943.42",BK.25X4,48,869.68,B548A42,3,732.88
EGBA14648NN,"61,307.77",BK.25X6,48,"1,185.64",B548A52,3,"1,465.76"
EGBA14648CC,"61,307.77",BK.25X6,48,"1,185.64",B548A52,3,"1,465.76"
EGBA38448CB,"47,734.85",BK.375X4,48,948.67,B548A42,3,732.88
EGBA38248EE,"30,653.89",BK.375X2,48,592.82,B548A41,3,732.88
EGBA38448CC,"47,734.85",BK.375X4,48,948.67,B548A42,3,732.88
EGBA38448LL,"47,734.85",BK.375X4,48,948.67,B548A42,3,732.88
EGBA38448GG,"47,734.85",BK.375X4,48,948.67,B548A42,3,732.88
EGBC14248NN,"26,579.08",BK.25X2,48,553.73
EGBF12448CC,"83,470.03",BK.5X4,48,"1,423.41",B548A54COVER,3,977.17,PG.25x6,50,244.29
EGBC14448NN,"41,744.79",BK.25X4,48,869.68
EGBA38448NN,"47,734.85",BK.375X4,48,948.67,B548A42,3,732.88
EGBF12448CB,"83,470.03",BK.5X4,48,"1,423.41",B548A54COVER,3,977.17,PG.25x6,50,244.29
EGBF14448CC,"56,890.95",BK.25X4,48,869.68,B548A42COVER,3,977.17,PG.25x6,50,244.29
EGBF14448CCT,"64,473.81",BK.25X4T,48,"1,027.66",B548A42COVER,3,977.17,PG.25x6,50,244.29
EGBA12842NN,"87,403.15",BK.5X8,42,"1,976.33",B548A55,3,"1,465.76"
EGBA14442CC,"38,725.33",BK.25X4,42,869.68,B548A42,3,732.88
EGBA14440CC,"36,985.96",BK.25X4,40,869.68,B548A42,3,732.88
EGBA14442CB,"38,725.33",BK.25X4,42,869.68,B548A42,3,732.88
EGBB14240EE,"23,859.28",BK.25X2,40,553.73,B548A62,3,570.02
EGBF14440QQ,"47,979.15",BK.25X4,40,869.68,B548A42COVER,3,977.17,PG.25x6,42,244.29
EGBA12436MM,"52,708.66",BK.5X4,36,"1,423.41",B548A54,2,732.88
EGBA12636LL,"59,861.56",BK.5X6,36,"1,581.39",B548A55,2,"1,465.76"
EGBA14236DD,"21,400.07",BK.25X2,36,553.73,B548A41,2,732.88
EGBA14236BB,"21,400.07",BK.25X2,36,553.73,B548A41,2,732.88
EGBA14236EE,"21,400.07",BK.25X2,36,553.73,B548A41,2,732.88
EGBA14236NN,"21,400.07",BK.25X2,36,553.73,B548A41,2,732.88
EGBA14236GG,"21,400.07",BK.25X2,36,553.73,B548A41,2,732.88
EGBA14336BB,"27,087.21",BK.25X3,36,711.71,B548A42,2,732.88
EGBA14236NNT,"27,087.21",BK.25X2T,36,711.71,B548A41,2,732.88
EGBA14336BBT,"32,774.35",BK.25X3T,36,869.68,B548A42,2,732.88
EGBA14336CC,"27,087.21",BK.25X3,36,711.71,B548A42,2,732.88
EGBA14336DGT,"32,774.35",BK.25X3T,36,869.68,B548A42,2,732.88
EGBA14336NN,"27,087.21",BK.25X3,36,711.71,B548A42,2,732.88
EGBA14436AA,"32,774.35",BK.25X4,36,869.68,B548A42,2,732.88
EGBA14436AAT,"38,461.49",BK.25X4T,36,"1,027.66",B548A42,2,732.88
EGBA14436CB,"32,774.35",BK.25X4,36,869.68,B548A42,2,732.88
EGBA14436BB,"32,774.35",BK.25X4,36,869.68,B548A42,2,732.88
EGBA14436CCT,"38,461.49",BK.25X4T,36,"1,027.66",B548A42,2,732.88
EGBA14436CC,"32,774.35",BK.25X4,36,869.68,B548A42,2,732.88
EGBA14436DD,"32,774.35",BK.25X4,36,869.68,B548A42,2,732.88
EGBA14436GG,"32,774.35",BK.25X4,36,869.68,B548A42,2,732.88
EGBA14436EE,"32,774.35",BK.25X4,36,869.68,B548A42,2,732.88
EGBA14436JJ,"32,774.35",BK.25X4,36,869.68,B548A42,2,732.88
EGBA14436LL,"32,774.35",BK.25X4,36,869.68,B548A42,2,732.88
EGBA14436QQ,"32,774.35",BK.25X4,36,869.68,B548A42,2,732.88
EGBA14436LLT,"38,461.49",BK.25X4T,36,"1,027.66",B548A42,2,732.88
EGBA14436MM,"32,774.35",BK.25X4,36,869.68,B548A42,2,732.88
EGBA14436NN,"32,774.35",BK.25X4,36,869.68,B548A42,2,732.88
EGBA14436QQT,"38,461.49",BK.25X4T,36,"1,027.66",B548A42,2,732.88
EGBA14436RR,"32,774.35",BK.25X4,36,869.68,B548A42,2,732.88
EGBA14636BB,"45,614.39",BK.25X6,36,"1,185.64",B548A52,2,"1,465.76"
EGBA14636CC,"45,614.39",BK.25X6,36,"1,185.64",B548A52,2,"1,465.76"
EGBA14636LL,"45,614.39",BK.25X6,36,"1,185.64",B548A52,2,"1,465.76"
EGBA14636QQ,"45,614.39",BK.25X6,36,"1,185.64",B548A52,2,"1,465.76"
EGBA14636RR,"45,614.39",BK.25X6,36,"1,185.64",B548A52,2,"1,465.76"
EGBA14636NN,"45,614.39",BK.25X6,36,"1,185.64",B548A52,2,"1,465.76"
EGBA14836CC,"51,301.53",BK.25X8,36,"1,343.61",B548A52,2,"1,465.76"
EGBA14836NN,"51,301.53",BK.25X8,36,"1,343.61",B548A52,2,"1,465.76"
EGBA14836RR,"51,301.53",BK.25X8,36,"1,343.61",B548A52,2,"1,465.76"
EGBA38236GG,"22,807.19",BK.375X2,36,592.82,B548A41,2,732.88
EGBA38436EE,"35,617.92",BK.375X4,36,948.67,B548A42,2,732.88
EGBA38636JJ,"59,861.56",BK.375X6,36,"1,581.39",B548A52,2,"1,465.76"
EGBC14236NN,"19,934.31",BK.25X2,36,553.73
EGBD14336CC2QK,"36,207.48",BK.25X3,36,711.71,B548A74,2,407.16,A800A23,10,977.17
EGBF12436CB,"62,480.38",BK.5X4,36,"1,423.41",B548A54COVER,2,977.17,PG.25x6,38,244.29
EGBF14436CC,"42,546.07",BK.25X4,36,869.68,B548A42COVER,2,977.17,PG.25x6,38,244.29
EGBF12436LL,"62,480.38",BK.5X4,36,"1,423.41",B548A54COVER,2,977.17,PG.25x6,38,244.29
EGBA14434DD,"31,034.98",BK.25X4,34,869.68,B548A42,2,732.88
EGBA14434CC,"31,034.98",BK.25X4,34,869.68,B548A42,2,732.88
EGBA14433DBT,"35,378.51",BK.25X4T,33,"1,027.66",B548A42,2,732.88
EGBB14433DBT,"35,052.79",BK.25X4T,33,"1,027.66",B548A63,2,570.02
EGBA14432BB,"29,295.62",BK.25X4,32,869.68,B548A42,2,732.88
EGBA14432CC,"29,295.62",BK.25X4,32,869.68,B548A42,2,732.88
EGBA14432GG,"29,295.62",BK.25X4,32,869.68,B548A42,2,732.88
EGBA14230BB,"18,077.68",BK.25X2,30,553.73,B548A41,2,732.88
EGBA14230EET,"22,816.97",BK.25X2T,30,711.71,B548A41,2,732.88
EGBA14230EE,"18,077.68",BK.25X2,30,553.73,B548A41,2,732.88
EGBA14230HH,"18,077.68",BK.25X2,30,553.73,B548A41,2,732.88
EGBA14430BB,"27,556.25",BK.25X4,30,869.68,B548A42,2,732.88
EGBA14330CC,"22,816.97",BK.25X3,30,711.71,B548A42,2,732.88
EGBA14430CC,"27,556.25",BK.25X4,30,869.68,B548A42,2,732.88
EGBA14430CCT,"32,295.53",BK.25X4T,30,"1,027.66",B548A42,2,732.88
EGBA14430LL,"27,556.25",BK.25X4,30,869.68,B548A42,2,732.88
EGBA14430NN,"27,556.25",BK.25X4,30,869.68,B548A42,2,732.88
EGBA14630RR,"38,500.58",BK.25X6,30,"1,185.64",B548A52,2,"1,465.76"
EGBA14630NN,"38,500.58",BK.25X6,30,"1,185.64",B548A52,2,"1,465.76"
EGBA14830CC,"43,239.86",BK.25X8,30,"1,343.61",B548A52,2,"1,465.76"
EGBA38430NN,"29,925.89",BK.375X4,30,948.67,B548A42,2,732.88
EGBA38630LL,"50,373.22",BK.375X6,30,"1,581.39",B548A52,2,"1,465.76"
EGBB14230EET,"22,491.24",BK.25X2T,30,711.71,B548A62,2,570.02
EGBC12230NN,"37,938.70",BK.5X2,30,"1,264.62"
EGBB14330CB,"22,491.24",BK.25X3,30,711.71,B548A63,2,570.02
EGBA14428BDT,"30,240.22",BK.25X4T,28,"1,027.66",B548A42,2,732.88
EGBA14428CC,"25,816.88",BK.25X4,28,869.68,B548A42,2,732.88
EGBA14428NN,"25,816.88",BK.25X4,28,869.68,B548A42,2,732.88
EGBC14428CC,"24,351.13",BK.25X4,28,869.68
EGBF12426CB,"45,803.31",BK.5X4,26,"1,423.41",B548A54COVER,2,977.17,PG.25x6,28,244.29
EGBA12224NN,"31,816.72",BK.5X2,24,"1,264.62",B548A53,2,732.88
EGBA12224BB,"31,816.72",BK.5X2,24,"1,264.62",B548A53,2,732.88
EGBA12424CC,"35,627.69",BK.5X4,24,"1,423.41",B548A54,2,732.88
EGBA12624CC,"40,884.88",BK.5X6,24,"1,581.39",B548A55,2,"1,465.76"
EGBA12424NN,"35,627.69",BK.5X4,24,"1,423.41",B548A54,2,732.88
EGBA12624NN,"40,884.88",BK.5X6,24,"1,581.39",B548A55,2,"1,465.76"
EGBA12624RR,"40,884.88",BK.5X6,24,"1,581.39",B548A55,2,"1,465.76"
EGBA12824NN,"50,363.44",BK.5X8,24,"1,976.33",B548A55,2,"1,465.76"
EGBA14124NN,"10,944.33",BK.25X1,24,394.94,B548A41,2,732.88
EGBA14224BB,"14,755.30",BK.25X2,24,553.73,B548A41,2,732.88
EGBA14224BBT,"18,546.72",BK.25X2T,24,711.71,B548A41,2,732.88
EGBA14224EE,"14,755.30",BK.25X2,24,553.73,B548A41,2,732.88
EGBA14224BE,"14,755.30",BK.25X2,24,553.73,B548A41,2,732.88
EGBA14224DD,"14,755.30",BK.25X2,24,553.73,B548A41,2,732.88
EGBA14224EET,"18,546.72",BK.25X2T,24,711.71,B548A41,2,732.88
EGBA14224GE,"14,755.30",BK.25X2,24,553.73,B548A41,2,732.88
EGBA14224GG,"14,755.30",BK.25X2,24,553.73,B548A41,2,732.88
EGBA14224GGT,"18,546.72",BK.25X2T,24,711.71,B548A41,2,732.88
EGBA14224HH,"14,755.30",BK.25X2,24,553.73,B548A41,2,732.88
EGBA14324AA,"18,546.72",BK.25X3,24,711.71,B548A42,2,732.88
EGBA14224JJ,"14,755.30",BK.25X2,24,553.73,B548A41,2,732.88
EGBA14224NN,"14,755.30",BK.25X2,24,553.73,B548A41,2,732.88
EGBA14324BB,"18,546.72",BK.25X3,24,711.71,B548A42,2,732.88
EGBA14324BBT,"22,338.15",BK.25X3T,24,869.68,B548A42,2,732.88
EGBA14324CC,"18,546.72",BK.25X3,24,711.71,B548A42,2,732.88
EGBA14324CCT,"22,338.15",BK.25X3T,24,869.68,B548A42,2,732.88
EGBA14324CF,"18,546.72",BK.25X3,24,711.71,B548A42,2,732.88
EGBA14324DGT,"22,338.15",BK.25X3T,24,869.68,B548A42,2,732.88
EGBA14324EC,"18,546.72",BK.25X3,24,711.71,B548A42,2,732.88
EGBA14324GG,"18,546.72",BK.25X3,24,711.71,B548A42,2,732.88
EGBA14324LL,"18,546.72",BK.25X3,24,711.71,B548A42,2,732.88
EGBA14324LLT,"22,338.15",BK.25X3T,24,869.68,B548A42,2,732.88
EGBA14424AA,"22,338.15",BK.25X4,24,869.68,B548A42,2,732.88
EGBA14324NN,"18,546.72",BK.25X3,24,711.71,B548A42,2,732.88
EGBA14424AAT,"26,129.58",BK.25X4T,24,"1,027.66",B548A42,2,732.88
EGBA14424BB,"22,338.15",BK.25X4,24,869.68,B548A42,2,732.88
EGBA14424BBT,"26,129.58",BK.25X4T,24,"1,027.66",B548A42,2,732.88
EGBA14424BD,"22,338.15",BK.25X4,24,869.68,B548A42,2,732.88
EGBA14424BFT,"26,129.58",BK.25X4T,24,"1,027.66",B548A42,2,732.88
EGBA14424CA,"22,338.15",BK.25X4,24,869.68,B548A42,2,732.88
EGBA14424CBT,"26,129.58",BK.25X4T,24,"1,027.66",B548A42,2,732.88
EGBA14424CB,"22,338.15",BK.25X4,24,869.68,B548A42,2,732.88
EGBA14424CCT,"26,129.58",BK.25X4T,24,"1,027.66",B548A42,2,732.88
EGBA14424DD,"22,338.15",BK.25X4,24,869.68,B548A42,2,732.88
EGBA14424EE,"22,338.15",BK.25X4,24,869.68,B548A42,2,732.88
EGBA14424DDT,"26,129.58",BK.25X4T,24,"1,027.66",B548A42,2,732.88
EGBA14424GG,"22,338.15",BK.25X4,24,869.68,B548A42,2,732.88
EGBA14424GGT,"26,129.58",BK.25X4T,24,"1,027.66",B548A42,2,732.88
EGBA14424JJ,"22,338.15",BK.25X4,24,869.68,B548A42,2,732.88
EGBA14424JJT,"26,129.58",BK.25X4T,24,"1,027.66",B548A42,2,732.88
EGBA14424KK,"22,338.15",BK.25X4,24,869.68,B548A42,2,732.88
EGBA14424LLT,"26,129.58",BK.25X4T,24,"1,027.66",B548A42,2,732.88
EGBA14424MM,"22,338.15",BK.25X4,24,869.68,B548A42,2,732.88
EGBA14424MMT,"26,129.58",BK.25X4T,24,"1,027.66",B548A42,2,732.88
EGBA14424NN,"22,338.15",BK.25X4,24,869.68,B548A42,2,732.88
EGBA14424NNT,"26,129.58",BK.25X4T,24,"1,027.66",B548A42,2,732.88
EGBA14424QQ,"22,338.15",BK.25X4,24,869.68,B548A42,2,732.88
EGBA14424QQT,"26,129.58",BK.25X4T,24,"1,027.66",B548A42,2,732.88
EGBA14424RR,"22,338.15",BK.25X4,24,869.68,B548A42,2,732.88
EGBA14824DG,"35,178.19",BK.25X8,24,"1,343.61",B548A52,2,"1,465.76"
EGBA14824LL,"35,178.19",BK.25X8,24,"1,343.61",B548A52,2,"1,465.76"
EGBA14824MM,"35,178.19",BK.25X8,24,"1,343.61",B548A52,2,"1,465.76"
EGBA14824NN,"35,178.19",BK.25X8,24,"1,343.61",B548A52,2,"1,465.76"
EGBA38424BB,"24,233.87",BK.375X4,24,948.67,B548A42,2,732.88
EGBA38424CC,"24,233.87",BK.375X4,24,948.67,B548A42,2,732.88
EGBA38424DD,"24,233.87",BK.375X4,24,948.67,B548A42,2,732.88
EGBA38624CC,"40,884.88",BK.375X6,24,"1,581.39",B548A52,2,"1,465.76"
EGBA38624LL,"40,884.88",BK.375X6,24,"1,581.39",B548A52,2,"1,465.76"
EGBB14324CB,"18,221.00",BK.25X3,24,711.71,B548A63,2,570.02
EGBB14424CC,"22,012.43",BK.25X4,24,869.68,B548A63,2,570.02
EGBB14424EE,"22,012.43",BK.25X4,24,869.68,B548A63,2,570.02
EGBB14424JE,"22,012.43",BK.25X4,24,869.68,B548A63,2,570.02
EGBB38324NN,"19,647.67",BK.375X3,24,771.15,B548A63,2,570.02
EGBC14124NN,"9,478.57",BK.25X1,24,394.94
EGBC14224NN,"13,289.54",BK.25X2,24,553.73
EGBC14424NN,"20,872.39",BK.25X4,24,869.68
EGBD14224BB,"14,103.85",BK.25X2,24,553.73,B548A74,2,407.16
EGBF12424CB,"42,467.90",BK.5X4,24,"1,423.41",B548A54COVER,2,977.17,PG.25x6,26,244.29
EGBF14424CC,"29,178.36",BK.25X4,24,869.68,B548A42COVER,2,977.17,PG.25x6,26,244.29
EGBF12424CC,"42,467.90",BK.5X4,24,"1,423.41",B548A54COVER,2,977.17,PG.25x6,26,244.29
EGBF14424GG,"29,178.36",BK.25X4,24,869.68,B548A42COVER,2,977.17,PG.25x6,26,244.29
EGBF14424LL,"29,178.36",BK.25X4,24,869.68,B548A42COVER,2,977.17,PG.25x6,26,244.29
EGBF14424RR,"29,178.36",BK.25X4,24,869.68,B548A42COVER,2,977.17,PG.25x6,26,244.29
EGBA14222EET,"17,123.31",BK.25X2T,22,711.71,B548A41,2,732.88
EGBA14422BD,"20,598.79",BK.25X4,22,869.68,B548A42,2,732.88
EGBA14421RR,"19,729.10",BK.25X4,21,869.68,B548A42,2,732.88
EGBA14220BB,"12,540.37",BK.25X2,20,553.73,B548A41,2,732.88
EGBA12420NN,"29,934.04",BK.5X4,20,"1,423.41",B548A54,2,732.88
EGBA14220BE,"12,540.37",BK.25X2,20,553.73,B548A41,2,732.88
EGBA14220DGT,"15,699.90",BK.25X2T,20,711.71,B548A41,2,732.88
EGBA14220EE,"12,540.37",BK.25X2,20,553.73,B548A41,2,732.88
EGBA14220HH,"12,540.37",BK.25X2,20,553.73,B548A41,2,732.88
EGBA14220JJ,"12,540.37",BK.25X2,20,553.73,B548A41,2,732.88
EGBA14220NN,"12,540.37",BK.25X2,20,553.73,B548A41,2,732.88
EGBA14320CC,"15,699.90",BK.25X3,20,711.71,B548A42,2,732.88
EGBA14320BB,"15,699.90",BK.25X3,20,711.71,B548A42,2,732.88
EGBA14420DG1TE,"23,745.28",BK.25X4,20,869.68,B548A42,2,732.88,A809A07T,5,977.17
EGBA14420LLT2GT,"47,425.41",BK.25X4T,20,"1,027.66",B548A42,2,732.88,A800A08,26,977.17
EGBA14420AA,"18,859.42",BK.25X4,20,869.68,B548A42,2,732.88
EGBA14420BB,"18,859.42",BK.25X4,20,869.68,B548A42,2,732.88
EGBA14420CBT,"22,018.94",BK.25X4T,20,"1,027.66",B548A42,2,732.88
EGBA14420CC,"18,859.42",BK.25X4,20,869.68,B548A42,2,732.88
EGBA14420CCT,"22,018.94",BK.25X4T,20,"1,027.66",B548A42,2,732.88
EGBA14420GG,"18,859.42",BK.25X4,20,869.68,B548A42,2,732.88
EGBA14420HH,"18,859.42",BK.25X4,20,869.68,B548A42,2,732.88
EGBA14420LL,"18,859.42",BK.25X4,20,869.68,B548A42,2,732.88
EGBA14420MM,"18,859.42",BK.25X4,20,869.68,B548A42,2,732.88
EGBA14420NN,"18,859.42",BK.25X4,20,869.68,B548A42,2,732.88
EGBA14420QQ,"18,859.42",BK.25X4,20,869.68,B548A42,2,732.88
EGBA14420RR,"18,859.42",BK.25X4,20,869.68,B548A42,2,732.88
EGBA14420QQT,"22,018.94",BK.25X4T,20,"1,027.66",B548A42,2,732.88
EGBA38320BF,"16,888.79",BK.375X3,20,771.15,B548A42,2,732.88
EGBA38420CC,"20,439.18",BK.375X4,20,948.67,B548A42,2,732.88
EGBB14420CC,"18,533.70",BK.25X4,20,869.68,B548A63,2,570.02
EGBF14420CC,"24,722.45",BK.25X4,20,869.68,B548A42COVER,2,977.17,PG.25x6,22,244.29
EGBF14420LLT,"27,881.97",BK.25X4T,20,"1,027.66",B548A42COVER,2,977.17,PG.25x6,22,244.29
EGBF14420LL,"24,722.45",BK.25X4,20,869.68,B548A42COVER,2,977.17,PG.25x6,22,244.29
EGBA12418MM,"27,087.21",BK.5X4,18,"1,423.41",B548A54,2,732.88
EGBA12418EE,"27,087.21",BK.5X4,18,"1,423.41",B548A54,2,732.88
EGBA12418NN,"27,087.21",BK.5X4,18,"1,423.41",B548A54,2,732.88
EGBA14218BB,"11,432.91",BK.25X2,18,553.73,B548A41,2,732.88
EGBA14118NN,"8,574.68",BK.25X1,18,394.94,B548A41,2,732.88
EGBA14218EE,"11,432.91",BK.25X2,18,553.73,B548A41,2,732.88
EGBA14218GG,"11,432.91",BK.25X2,18,553.73,B548A41,2,732.88
EGBA14218HH,"11,432.91",BK.25X2,18,553.73,B548A41,2,732.88
EGBA14218HHT,"14,276.48",BK.25X2T,18,711.71,B548A41,2,732.88
EGBA14218NN,"11,432.91",BK.25X2,18,553.73,B548A41,2,732.88
EGBA14318DD,"14,276.48",BK.25X3,18,711.71,B548A42,2,732.88
EGBA14318NN,"14,276.48",BK.25X3,18,711.71,B548A42,2,732.88
EGBA14318GG,"14,276.48",BK.25X3,18,711.71,B548A42,2,732.88
EGBA14418AA,"17,120.05",BK.25X4,18,869.68,B548A42,2,732.88
EGBA14418BB,"17,120.05",BK.25X4,18,869.68,B548A42,2,732.88
EGBA14418BC,"17,120.05",BK.25X4,18,869.68,B548A42,2,732.88
EGBA14418BD,"17,120.05",BK.25X4,18,869.68,B548A42,2,732.88
EGBA14418CC,"17,120.05",BK.25X4,18,869.68,B548A42,2,732.88
EGBA14418CCT,"19,963.62",BK.25X4T,18,"1,027.66",B548A42,2,732.88
EGBA14418DD,"17,120.05",BK.25X4,18,869.68,B548A42,2,732.88
EGBA14418EE,"17,120.05",BK.25X4,18,869.68,B548A42,2,732.88
EGBA14418JJ,"17,120.05",BK.25X4,18,869.68,B548A42,2,732.88
EGBA14418LL,"17,120.05",BK.25X4,18,869.68,B548A42,2,732.88
EGBA14418LLT,"19,963.62",BK.25X4T,18,"1,027.66",B548A42,2,732.88
EGBA14418MM,"17,120.05",BK.25X4,18,869.68,B548A42,2,732.88
EGBA14418NN,"17,120.05",BK.25X4,18,869.68,B548A42,2,732.88
EGBA38418DB,"18,541.84",BK.375X4,18,948.67,B548A42,2,732.88
EGBA38418BB,"18,541.84",BK.375X4,18,948.67,B548A42,2,732.88
EGBA38418NN,"18,541.84",BK.375X4,18,948.67,B548A42,2,732.88
EGBB14318CB,"13,950.76",BK.25X3,18,711.71,B548A63,2,570.02
EGBC14218EET,"12,810.72",BK.25X2T,18,711.71
EGBC14118HH,"7,108.93",BK.25X1,18,394.94
EGBB14418BB,"16,794.33",BK.25X4,18,869.68,B548A63,2,570.02
EGBA12416BD,"24,240.38",BK.5X4,16,"1,423.41",B548A54,2,732.88
EGBF14418CCT,"25,338.07",BK.25X4T,18,"1,027.66",B548A42COVER,2,977.17,PG.25x6,20,244.29
EGBF14418CC,"22,494.50",BK.25X4,18,869.68,B548A42COVER,2,977.17,PG.25x6,20,244.29
EGBA12416CA,"24,240.38",BK.5X4,16,"1,423.41",B548A54,2,732.88
EGBA14116HH,"7,784.80",BK.25X1,16,394.94,B548A41,2,732.88
EGBA14216BB,"10,325.45",BK.25X2,16,553.73,B548A41,2,732.88
EGBA14216EE,"10,325.45",BK.25X2,16,553.73,B548A41,2,732.88
EGBA14216GG,"10,325.45",BK.25X2,16,553.73,B548A41,2,732.88
EGBA14216HH,"10,325.45",BK.25X2,16,553.73,B548A41,2,732.88
EGBA14216NN,"10,325.45",BK.25X2,16,553.73,B548A41,2,732.88
EGBA14316CC,"12,853.07",BK.25X3,16,711.71,B548A42,2,732.88
EGBA14216NNT,"12,853.07",BK.25X2T,16,711.71,B548A41,2,732.88
EGBA14416AA,"15,380.69",BK.25X4,16,869.68,B548A42,2,732.88
EGBA14416AAT,"17,908.31",BK.25X4T,16,"1,027.66",B548A42,2,732.88
EGBA14416BB,"15,380.69",BK.25X4,16,869.68,B548A42,2,732.88
EGBA14416CA,"15,380.69",BK.25X4,16,869.68,B548A42,2,732.88
EGBA14416CC,"15,380.69",BK.25X4,16,869.68,B548A42,2,732.88
EGBA14416CCT,"17,908.31",BK.25X4T,16,"1,027.66",B548A42,2,732.88
EGBA14416CF,"15,380.69",BK.25X4,16,869.68,B548A42,2,732.88
EGBA14416LL,"15,380.69",BK.25X4,16,869.68,B548A42,2,732.88
EGBA14416LLT,"17,908.31",BK.25X4T,16,"1,027.66",B548A42,2,732.88
EGBA38416GG,"16,644.50",BK.375X4,16,948.67,B548A42,2,732.88
EGBA14416NNT,"17,908.31",BK.25X4T,16,"1,027.66",B548A42,2,732.88
EGBA14416NN,"15,380.69",BK.25X4,16,869.68,B548A42,2,732.88
EGBC14316LL,"11,387.31",BK.25X3,16,711.71
EGBC14416AA,"13,914.93",BK.25X4,16,869.68
EGBC14416CAT,"16,442.55",BK.25X4T,16,"1,027.66"
EGBD14416JET,"17,256.86",BK.25X4T,16,"1,027.66",B548A74,2,407.16
EGBA14215BDT,"12,141.36",BK.25X2T,15,711.71,B548A41,2,732.88
EGBF14416LL,"20,266.55",BK.25X4,16,869.68,B548A42COVER,2,977.17,PG.25x6,18,244.29
EGBF14416LLT,"22,794.17",BK.25X4T,16,"1,027.66",B548A42COVER,2,977.17,PG.25x6,18,244.29
EGBA14215GG,"9,771.72",BK.25X2,15,553.73,B548A41,2,732.88
EGBA14215EET,"12,141.36",BK.25X2T,15,711.71,B548A41,2,732.88
EGBA14215JJ,"9,771.72",BK.25X2,15,553.73,B548A41,2,732.88
EGBA14215JJT,"12,141.36",BK.25X2T,15,711.71,B548A41,2,732.88
EGBA14215NN,"9,771.72",BK.25X2,15,553.73,B548A41,2,732.88
EGBA14415GG,"14,511.00",BK.25X4,15,869.68,B548A42,2,732.88
EGBA14415CCT,"16,880.65",BK.25X4T,15,"1,027.66",B548A42,2,732.88
EGBA14415LL,"14,511.00",BK.25X4,15,869.68,B548A42,2,732.88
EGBC14215NN,"8,305.96",BK.25X2,15,553.73
EGBA14214BB,"9,217.99",BK.25X2,14,553.73,B548A41,2,732.88
EGBA14214HH,"9,217.99",BK.25X2,14,553.73,B548A41,2,732.88
EGBA14214GCT,"11,429.66",BK.25X2T,14,711.71,B548A41,2,732.88
EGBA14214EE,"9,217.99",BK.25X2,14,553.73,B548A41,2,732.88
EGBA14214BDT,"11,429.66",BK.25X2T,14,711.71,B548A41,2,732.88
EGBA14214NN,"9,217.99",BK.25X2,14,553.73,B548A41,2,732.88
EGBA14414AA,"13,641.32",BK.25X4,14,869.68,B548A42,2,732.88
EGBA14414BB,"13,641.32",BK.25X4,14,869.68,B548A42,2,732.88
EGBA14414BF,"13,641.32",BK.25X4,14,869.68,B548A42,2,732.88
EGBA14414CB,"13,641.32",BK.25X4,14,869.68,B548A42,2,732.88
EGBA14414CC,"13,641.32",BK.25X4,14,869.68,B548A42,2,732.88
EGBA14414EE,"13,641.32",BK.25X4,14,869.68,B548A42,2,732.88
EGBA14414GG,"13,641.32",BK.25X4,14,869.68,B548A42,2,732.88
EGBA14414KK,"13,641.32",BK.25X4,14,869.68,B548A42,2,732.88
EGBA14414LL,"13,641.32",BK.25X4,14,869.68,B548A42,2,732.88
EGBA14414MM,"13,641.32",BK.25X4,14,869.68,B548A42,2,732.88
EGBA14414NN,"13,641.32",BK.25X4,14,869.68,B548A42,2,732.88
EGBA14414RR,"13,641.32",BK.25X4,14,869.68,B548A42,2,732.88
EGBB14414CC,"13,315.60",BK.25X4,14,869.68,B548A63,2,570.02
EGBA14213NN,"8,664.26",BK.25X2,13,553.73,B548A41,2,732.88
EGBB14214NN,"8,892.27",BK.25X2,14,553.73,B548A62,2,570.02
EGBB14313GGT,"12,445.91",BK.25X3T,13,869.68,B548A63,2,570.02
EGBC14213EB,"7,198.50",BK.25X2,13,553.73
EGBA12212NN,"16,641.24",BK.5X2,12,"1,264.62",B548A53,2,732.88
EGBA12412CC,"18,546.72",BK.5X4,12,"1,423.41",B548A54,2,732.88
EGBA12412AA,"18,546.72",BK.5X4,12,"1,423.41",B548A54,2,732.88
EGBA12412GG,"18,546.72",BK.5X4,12,"1,423.41",B548A54,2,732.88
EGBA12412NN,"18,546.72",BK.5X4,12,"1,423.41",B548A54,2,732.88
EGBA12612LL,"21,908.20",BK.5X6,12,"1,581.39",B548A55,2,"1,465.76"
EGBA14112EE,"6,205.04",BK.25X1,12,394.94,B548A41,2,732.88
EGBA12612NN,"21,908.20",BK.5X6,12,"1,581.39",B548A55,2,"1,465.76"
EGBA14112HH,"6,205.04",BK.25X1,12,394.94,B548A41,2,732.88
EGBA14112NN,"6,205.04",BK.25X1,12,394.94,B548A41,2,732.88
EGBA14212BB,"8,110.53",BK.25X2,12,553.73,B548A41,2,732.88
EGBA14212BBT,"10,006.24",BK.25X2T,12,711.71,B548A41,2,732.88
EGBA14212BD,"8,110.53",BK.25X2,12,553.73,B548A41,2,732.88
EGBA14212DDT,"10,006.24",BK.25X2T,12,711.71,B548A41,2,732.88
EGBA14212DD,"8,110.53",BK.25X2,12,553.73,B548A41,2,732.88
EGBA14212ECT,"10,006.24",BK.25X2T,12,711.71,B548A41,2,732.88
EGBA14212EB,"8,110.53",BK.25X2,12,553.73,B548A41,2,732.88
EGBA14212EE,"8,110.53",BK.25X2,12,553.73,B548A41,2,732.88
EGBA14212EET,"10,006.24",BK.25X2T,12,711.71,B548A41,2,732.88
EGBA14212GG,"8,110.53",BK.25X2,12,553.73,B548A41,2,732.88
EGBA14212HH,"8,110.53",BK.25X2,12,553.73,B548A41,2,732.88
EGBA14212HHT,"10,006.24",BK.25X2T,12,711.71,B548A41,2,732.88
EGBA14212JJ,"8,110.53",BK.25X2,12,553.73,B548A41,2,732.88
EGBA14212JJT,"10,006.24",BK.25X2T,12,711.71,B548A41,2,732.88
EGBA14212NN,"8,110.53",BK.25X2,12,553.73,B548A41,2,732.88
EGBA14212NNT,"10,006.24",BK.25X2T,12,711.71,B548A41,2,732.88
EGBA14312BB,"10,006.24",BK.25X3,12,711.71,B548A42,2,732.88
EGBA14312LL2QA,"10,983.41",BK.25X3,12,711.71,B548A42,2,732.88,A800A23,1,977.17
EGBA14312BBT,"11,901.95",BK.25X3T,12,869.68,B548A42,2,732.88
EGBA14312CC,"10,006.24",BK.25X3,12,711.71,B548A42,2,732.88
EGBA14312EE,"10,006.24",BK.25X3,12,711.71,B548A42,2,732.88
EGBA14312GG,"10,006.24",BK.25X3,12,711.71,B548A42,2,732.88
EGBA14312HH,"10,006.24",BK.25X3,12,711.71,B548A42,2,732.88
EGBA14312MMT,"11,901.95",BK.25X3T,12,869.68,B548A42,2,732.88
EGBA14312MM,"10,006.24",BK.25X3,12,711.71,B548A42,2,732.88
EGBA14312NN,"10,006.24",BK.25X3,12,711.71,B548A42,2,732.88
EGBA14412BBT2GK,"23,569.39",BK.25X4T,12,"1,027.66",B548A42,2,732.88,A800A08,10,977.17
EGBA14412AA,"11,901.95",BK.25X4,12,869.68,B548A42,2,732.88
EGBA14412BB,"11,901.95",BK.25X4,12,869.68,B548A42,2,732.88
EGBA14412BBT,"13,797.67",BK.25X4T,12,"1,027.66",B548A42,2,732.88
EGBA14412BD,"11,901.95",BK.25X4,12,869.68,B548A42,2,732.88
EGBA14412BE,"11,901.95",BK.25X4,12,869.68,B548A42,2,732.88
EGBA14412CB,"11,901.95",BK.25X4,12,869.68,B548A42,2,732.88
EGBA14412CBT,"13,797.67",BK.25X4T,12,"1,027.66",B548A42,2,732.88
EGBA14412CC,"11,901.95",BK.25X4,12,869.68,B548A42,2,732.88
EGBA14412CCT,"13,797.67",BK.25X4T,12,"1,027.66",B548A42,2,732.88
EGBA14412CF,"11,901.95",BK.25X4,12,869.68,B548A42,2,732.88
EGBA14412DD,"11,901.95",BK.25X4,12,869.68,B548A42,2,732.88
EGBA14412DG,"11,901.95",BK.25X4,12,869.68,B548A42,2,732.88
EGBA14412EE,"11,901.95",BK.25X4,12,869.68,B548A42,2,732.88
EGBA14412EC,"11,901.95",BK.25X4,12,869.68,B548A42,2,732.88
EGBA14412GET,"13,797.67",BK.25X4T,12,"1,027.66",B548A42,2,732.88
EGBA14412HH,"11,901.95",BK.25X4,12,869.68,B548A42,2,732.88
EGBA14412JE,"11,901.95",BK.25X4,12,869.68,B548A42,2,732.88
EGBA14412JJ,"11,901.95",BK.25X4,12,869.68,B548A42,2,732.88
EGBA14412KK,"11,901.95",BK.25X4,12,869.68,B548A42,2,732.88
EGBA14412LL,"11,901.95",BK.25X4,12,869.68,B548A42,2,732.88
EGBA14412LLT,"13,797.67",BK.25X4T,12,"1,027.66",B548A42,2,732.88
EGBA14412MMT,"13,797.67",BK.25X4T,12,"1,027.66",B548A42,2,732.88
EGBA14412MM,"11,901.95",BK.25X4,12,869.68,B548A42,2,732.88
EGBA14412NNT,"13,797.67",BK.25X4T,12,"1,027.66",B548A42,2,732.88
EGBA14412QQ,"11,901.95",BK.25X4,12,869.68,B548A42,2,732.88
EGBA14412RR,"11,901.95",BK.25X4,12,869.68,B548A42,2,732.88
EGBA14412RRT,"13,797.67",BK.25X4T,12,"1,027.66",B548A42,2,732.88
EGBA14412QQT,"13,797.67",BK.25X4T,12,"1,027.66",B548A42,2,732.88
EGBA14612AA,"17,159.14",BK.25X6,12,"1,185.64",B548A52,2,"1,465.76"
EGBA14612BB,"17,159.14",BK.25X6,12,"1,185.64",B548A52,2,"1,465.76"
EGBA14612BF,"17,159.14",BK.25X6,12,"1,185.64",B548A52,2,"1,465.76"
EGBA14612CC,"17,159.14",BK.25X6,12,"1,185.64",B548A52,2,"1,465.76"
EGBA14812BB,"19,054.85",BK.25X8,12,"1,343.61",B548A52,2,"1,465.76"
EGBA38212EE,"8,579.57",BK.375X2,12,592.82,B548A41,2,732.88
EGBA38412AA,"12,849.81",BK.375X4,12,948.67,B548A42,2,732.88
EGBA38212NN,"8,579.57",BK.375X2,12,592.82,B548A41,2,732.88
EGBA38412BB,"12,849.81",BK.375X4,12,948.67,B548A42,2,732.88
EGBA38412CC,"12,849.81",BK.375X4,12,948.67,B548A42,2,732.88
EGBA38412GG,"12,849.81",BK.375X4,12,948.67,B548A42,2,732.88
EGBA38412HH,"12,849.81",BK.375X4,12,948.67,B548A42,2,732.88
EGBA38412NN,"12,849.81",BK.375X4,12,948.67,B548A42,2,732.88
EGBA38612GG,"21,908.20",BK.375X6,12,"1,581.39",B548A52,2,"1,465.76"
EGBB14212JJ,"7,784.80",BK.25X2,12,553.73,B548A62,2,570.02
EGBB14112HH,"5,879.32",BK.25X1,12,394.94,B548A62,2,570.02
EGBB14312CB,"9,680.52",BK.25X3,12,711.71,B548A63,2,570.02
EGBB14412BB,"11,576.23",BK.25X4,12,869.68,B548A63,2,570.02
EGBB14412CC,"11,576.23",BK.25X4,12,869.68,B548A63,2,570.02
EGBB14412CCT,"13,471.94",BK.25X4T,12,"1,027.66",B548A63,2,570.02
EGBC14212BFT,"8,540.48",BK.25X2T,12,711.71
EGBC14212BB,"6,644.77",BK.25X2,12,553.73
EGBC14212EE,"6,644.77",BK.25X2,12,553.73
EGBC14412NN,"10,436.20",BK.25X4,12,869.68
EGBC14212GG,"6,644.77",BK.25X2,12,553.73
EGBD14412NN,"11,250.51",BK.25X4,12,869.68,B548A74,2,407.16
EGBF14412CC,"15,810.64",BK.25X4,12,869.68,B548A42COVER,2,977.17,PG.25x6,14,244.29
EGBF14412LL,"15,810.64",BK.25X4,12,869.68,B548A42COVER,2,977.17,PG.25x6,14,244.29
EGBA12210JJ,"14,111.99",BK.5X2,10,"1,264.62",B548A53,2,732.88
EGBF14412LLT,"17,706.36",BK.25X4T,12,"1,027.66",B548A42COVER,2,977.17,PG.25x6,14,244.29
EGBA14110NN,"5,415.16",BK.25X1,10,394.94,B548A41,2,732.88
EGBA14210BE,"7,003.07",BK.25X2,10,553.73,B548A41,2,732.88
EGBA14210BB,"7,003.07",BK.25X2,10,553.73,B548A41,2,732.88
EGBA14210EE,"7,003.07",BK.25X2,10,553.73,B548A41,2,732.88
EGBA14210GG,"7,003.07",BK.25X2,10,553.73,B548A41,2,732.88
EGBA14210HB,"7,003.07",BK.25X2,10,553.73,B548A41,2,732.88
EGBA14210JE,"7,003.07",BK.25X2,10,553.73,B548A41,2,732.88
EGBA14210JF,"7,003.07",BK.25X2,10,553.73,B548A41,2,732.88
EGBA14210JJ,"7,003.07",BK.25X2,10,553.73,B548A41,2,732.88
EGBA14210NN,"7,003.07",BK.25X2,10,553.73,B548A41,2,732.88
EGBA14210SS,"7,003.07",BK.25X2,10,553.73,B548A41,2,732.88
EGBA14410AA,"10,162.59",BK.25X4,10,869.68,B548A42,2,732.88
EGBA14310NN,"8,582.83",BK.25X3,10,711.71,B548A42,2,732.88
EGBA14410AAT,"11,742.35",BK.25X4T,10,"1,027.66",B548A42,2,732.88
EGBA14410BB,"10,162.59",BK.25X4,10,869.68,B548A42,2,732.88
EGBA14410EE,"10,162.59",BK.25X4,10,869.68,B548A42,2,732.88
EGBA14410CC,"10,162.59",BK.25X4,10,869.68,B548A42,2,732.88
EGBA14410GG,"10,162.59",BK.25X4,10,869.68,B548A42,2,732.88
EGBA14410NN,"10,162.59",BK.25X4,10,869.68,B548A42,2,732.88
EGBA14410LL,"10,162.59",BK.25X4,10,869.68,B548A42,2,732.88
EGBA14410NNT,"11,742.35",BK.25X4T,10,"1,027.66",B548A42,2,732.88
EGBA14410RR,"10,162.59",BK.25X4,10,869.68,B548A42,2,732.88
EGBC14110HH,"3,949.40",BK.25X1,10,394.94
EGBA38410DB,"10,952.47",BK.375X4,10,948.67,B548A42,2,732.88
EGBC14310LL,"7,117.07",BK.25X3,10,711.71
EGBA14209GGT,"7,871.12",BK.25X2T,9,711.71,B548A41,2,732.88
EGBA38509AA,"14,313.13",BK.375X5,9,"1,264.62",B548A52,2,"1,465.76"
EGBB14209HHT,"7,545.40",BK.25X2T,9,711.71,B548A62,2,570.02
EGBA12408NN,"12,853.07",BK.5X4,8,"1,423.41",B548A54,2,732.88
EGBA14208BB,"5,895.60",BK.25X2,8,553.73,B548A41,2,732.88
EGBA14208BF,"5,895.60",BK.25X2,8,553.73,B548A41,2,732.88
EGBA14208EE,"5,895.60",BK.25X2,8,553.73,B548A41,2,732.88
EGBA14208HHT,"7,159.41",BK.25X2T,8,711.71,B548A41,2,732.88
EGBA14208GG,"5,895.60",BK.25X2,8,553.73,B548A41,2,732.88
EGBA14208NN,"5,895.60",BK.25X2,8,553.73,B548A41,2,732.88
EGBA14308NN,"7,159.41",BK.25X3,8,711.71,B548A42,2,732.88
EGBA14308JJ,"7,159.41",BK.25X3,8,711.71,B548A42,2,732.88
EGBA14408BB,"8,423.22",BK.25X4,8,869.68,B548A42,2,732.88
EGBA14408NN,"8,423.22",BK.25X4,8,869.68,B548A42,2,732.88
EGBA14608AA,"12,416.60",BK.25X6,8,"1,185.64",B548A52,2,"1,465.76"
EGBA38308NN,"7,634.97",BK.375X3,8,771.15,B548A42,2,732.88
EGBC14308LLT,"6,957.46",BK.25X3T,8,869.68
EGBC14307NN,"4,981.95",BK.25X3,7,711.71
EGBC14408GG,"6,957.46",BK.25X4,8,869.68
EGBA12206NN,"9,053.50",BK.5X2,6,"1,264.62",B548A53,2,732.88
EGBA14207BF,"5,341.87",BK.25X2,7,553.73,B548A41,2,732.88
EGBA14106HH,"3,835.40",BK.25X1,6,394.94,B548A41,2,732.88
EGBA14106HHT,"4,788.14",BK.25X1T,6,553.73,B548A41,2,732.88
EGBA14106NN,"3,835.40",BK.25X1,6,394.94,B548A41,2,732.88
EGBA14206EE,"4,788.14",BK.25X2,6,553.73,B548A41,2,732.88
EGBA14206BD,"4,788.14",BK.25X2,6,553.73,B548A41,2,732.88
EGBA14206BB,"4,788.14",BK.25X2,6,553.73,B548A41,2,732.88
EGBA14206EET,"5,736.00",BK.25X2T,6,711.71,B548A41,2,732.88
EGBA14206EC,"4,788.14",BK.25X2,6,553.73,B548A41,2,732.88
EGBA14206GG,"4,788.14",BK.25X2,6,553.73,B548A41,2,732.88
EGBA14206JJ,"4,788.14",BK.25X2,6,553.73,B548A41,2,732.88
EGBA14206NN,"4,788.14",BK.25X2,6,553.73,B548A41,2,732.88
EGBA14306CC,"5,736.00",BK.25X3,6,711.71,B548A42,2,732.88
EGBA14206SS,"4,788.14",BK.25X2,6,553.73,B548A41,2,732.88
EGBA14206NNT,"5,736.00",BK.25X2T,6,711.71,B548A41,2,732.88
EGBA14406NN,"6,683.86",BK.25X4,6,869.68,B548A42,2,732.88
EGBA14406CCT,"7,631.71",BK.25X4T,6,"1,027.66",B548A42,2,732.88
EGBA14406LL,"6,683.86",BK.25X4,6,869.68,B548A42,2,732.88
EGBA14406CC,"6,683.86",BK.25X4,6,869.68,B548A42,2,732.88
EGBF14406LL,"9,126.79",BK.25X4,6,869.68,B548A42COVER,2,977.17,PG.25x6,8,244.29
EGBB14206NN,"4,462.42",BK.25X2,6,553.73,B548A62,2,570.02
EGBC14106EE,"2,369.64",BK.25X1,6,394.94
EGBF14406LLT,"10,074.64",BK.25X4T,6,"1,027.66",B548A42COVER,2,977.17,PG.25x6,8,244.29
EGBA14412GG,"11,901.95",BK.25X4,12,869.68,B548A42,2,732.88
EGBA14612GG,"17,159.14",BK.25X6,12,"1,185.64",B548A52,2,"1,465.76"
EGBA14412NN,"11,901.95",BK.25X4,12,869.68,B548A42,2,732.88
EGBA14624LL,"31,386.76",BK.25X6,24,"1,185.64",B548A52,2,"1,465.76"
EGBA38448BB,"47,734.85",BK.375X4,48,948.67,B548A42,3,732.88
EGBA14448BB,"43,943.42",BK.25X4,48,869.68,B548A42,3,732.88
EGBA14448NN,"43,943.42",BK.25X4,48,869.68,B548A42,3,732.88
EGBA14236BD,"21,400.07",BK.25X2,36,553.73,B548A41,2,732.88
EGBA38642LL,"70,815.65",BK.375X6,42,"1,581.39",B548A52,3,"1,465.76"
EGBA14240EET,"30,666.91",BK.25X2T,40,711.71,B548A41,3,732.88
EGBA12636CC,"59,861.56",BK.5X6,36,"1,581.39",B548A55,2,"1,465.76"
EGBA38430CC,"29,925.89",BK.375X4,30,948.67,B548A42,2,732.88
EGBA14420CB,"18,859.42",BK.25X4,20,869.68,B548A42,2,732.88
EGBA14424RRT,"26,129.58",BK.25X4T,24,"1,027.66",B548A42,2,732.88
EGBA14418GG,"17,120.05",BK.25X4,18,869.68,B548A42,2,732.88
EGBA14420LLT,"22,018.94",BK.25X4T,20,"1,027.66",B548A42,2,732.88
EGBF14418LL,"22,494.50",BK.25X4,18,869.68,B548A42COVER,2,977.17,PG.25x6,20,244.29
EGBA14415CC,"14,511.00",BK.25X4,15,869.68,B548A42,2,732.88
EGBA12414BB,"21,393.55",BK.5X4,14,"1,423.41",B548A54,2,732.88
EGBA12416AA,"24,240.38",BK.5X4,16,"1,423.41",B548A54,2,732.88
EGBA14212EE2GH,"15,927.90",BK.25X2,12,553.73,B548A41,2,732.88,A800A08,8,977.17
EGBA14312LL,"10,006.24",BK.25X3,12,711.71,B548A42,2,732.88
EGBA14412AA1TD,"15,810.64",BK.25X4,12,869.68,B548A42,2,732.88,A809A07T,4,977.17
EGBA14412CCT1TK,"23,569.39",BK.25X4T,12,"1,027.66",B548A42,2,732.88,A809A07T,10,977.17
EGBA14412AAT,"13,797.67",BK.25X4T,12,"1,027.66",B548A42,2,732.88
EGBA14412GGT,"13,797.67",BK.25X4T,12,"1,027.66",B548A42,2,732.88
EGBA14412LB,"11,901.95",BK.25X4,12,869.68,B548A42,2,732.88
EGBC14312NN,"8,540.48",BK.25X3,12,711.71
EGBC14412NNT,"12,331.91",BK.25X4T,12,"1,027.66"
EGBD14212NN,"7,459.08",BK.25X2,12,553.73,B548A74,2,407.16
EGBA14410GGT,"11,742.35",BK.25X4T,10,"1,027.66",B548A42,2,732.88
EGBA14408MM,"8,423.22",BK.25X4,8,869.68,B548A42,2,732.88
EGBA14306NN,"5,736.00",BK.25X3,6,711.71,B548A42,2,732.88
EGBA14406MM2QC,"9,615.37",BK.25X4,6,869.68,B548A42,2,732.88,A800A23,3,977.17
EGBB14106NN,"3,509.68",BK.25X1,6,394.94,B548A62,2,570.02
EGBB14206EET,"5,410.28",BK.25X2T,6,711.71,B548A62,2,570.02
EGBC14206NN,"3,322.38",BK.25X2,6,553.73
EGBA14424CC,"22,338.15",BK.25X4,24,869.68,B548A42,2,732.88
EGBA14424LL,"22,338.15",BK.25X4,24,869.68,B548A42,2,732.88
EGBA14618CC,"24,272.95",BK.25X6,18,"1,185.64",B548A52,2,"1,465.76"
EGBA14630CC,"38,500.58",BK.25X6,30,"1,185.64",B548A52,2,"1,465.76"
EGBA14612NN,"17,159.14",BK.25X6,12,"1,185.64",B548A52,2,"1,465.76"
EGBA14424BC,"22,338.15",BK.25X4,24,869.68,B548A42,2,732.88
EGBA14460CC,"54,379.62",BK.25X4,60,869.68,B548A42,3,732.88
EGBA14308AA1TK,"16,931.13",BK.25X3,8,711.71,B548A42,2,732.88,A809A07T,10,977.17
EGBD14312CC2QK,"19,126.51",BK.25X3,12,711.71,B548A74,2,407.16,A800A23,10,977.17
