EGBA144144LL,"2,164.00",BK.25X4,144,14.53,B548A42,6,11.89
EGBA142120EE,"1,168.95",BK.25X2,120,9.25,B548A41,5,11.89
EGBA146120NN,"2,496.46",BK.25X6,120,19.81,B548A52,5,23.77
EGBA142144EE,"1,402.74",BK.25X2,144,9.25,B548A41,6,11.89
EGBA144120NN,"1,803.33",BK.25X4,120,14.53,B548A42,5,11.89
EGBA142120JJ,"1,168.95",BK.25X2,120,9.25,B548A41,5,11.89
EGBA143120DGT,"1,803.33",BK.25X3T,120,14.53,B548A42,5,11.89
EGBA144120CCT,"2,120.00",BK.25X4T,120,17.17,B548A42,5,11.89
EGBA384120BB,"1,961.47",BK.375X4,120,15.85,B548A42,5,11.89
EGBA384120CB,"1,961.47",BK.375X4,120,15.85,B548A42,5,11.89
EGBA14296BB,935.16,BK.25X2,96,9.25,B548A41,4,11.89
EGBA14396EC,"1,188.92",BK.25X3,96,11.89,B548A42,4,11.89
EGBA14296NN,935.16,BK.25X2,96,9.25,B548A41,4,11.89
EGBA14396NN,"1,188.92",BK.25X3,96,11.89,B548A42,4,11.89
EGBA14296BD,935.16,BK.25X2,96,9.25,B548A41,4,11.89
EGBA14496CC,"1,442.67",BK.25X4,96,14.53,B548A42,4,11.89
EGBA14472BB,"1,082.00",BK.25X4,72,14.53,B548A42,3,11.89
EGBC14296NN,887.61,BK.25X2,96,9.25
EGBA14496EE,"1,442.67",BK.25X4,96,14.53,B548A42,4,11.89
EGBA14372GG,891.69,BK.25X3,72,11.89,B548A42,3,11.89
EGBA14480GG,"1,210.15",BK.25X4,80,14.53,B548A42,4,11.89
EGBA14172NN,511.05,BK.25X1,72,6.60,B548A41,3,11.89
EGBA14496NN,"1,442.67",BK.25X4,96,14.53,B548A42,4,11.89
EGBA14384CCT,"1,268.28",BK.25X3T,84,14.53,B548A42,4,11.89
EGBD14284NN,803.07,BK.25X2,84,9.25,B548A74,4,6.60
EGBA14272NN,701.37,BK.25X2,72,9.25,B548A41,3,11.89
EGBA14472CB,"1,082.00",BK.25X4,72,14.53,B548A42,3,11.89
EGBA14360DGT,907.61,BK.25X3T,60,14.53,B548A42,3,11.89
EGBA14460CCT,"1,065.95",BK.25X4T,60,17.17,B548A42,3,11.89
EGBA12460NN,"1,462.20",BK.5X4,60,23.78,B548A54,3,11.89
EGBA14260BB,590.42,BK.25X2,60,9.25,B548A41,3,11.89
EGBA14472CC,"1,082.00",BK.25X4,72,14.53,B548A42,3,11.89
EGBA14260NN,590.42,BK.25X2,60,9.25,B548A41,3,11.89
EGBA14270EE,682.88,BK.25X2,70,9.25,B548A41,3,11.89
EGBA14260JJ,590.42,BK.25X2,60,9.25,B548A41,3,11.89
EGBA14460CC,907.61,BK.25X4,60,14.53,B548A42,3,11.89
EGBA14460GG,907.61,BK.25X4,60,14.53,B548A42,3,11.89
EGBA38460NN,986.68,BK.375X4,60,15.85,B548A42,3,11.89
EGBA14660CC,"1,260.11",BK.25X6,60,19.81,B548A52,3,23.77
EGBA14354CC,677.68,BK.25X3,54,11.89,B548A42,3,11.89
EGBA14256JJ,553.44,BK.25X2,56,9.25,B548A41,3,11.89
EGBA14250BD,497.96,BK.25X2,50,9.25,B548A41,3,11.89
EGBA38460BB,986.68,BK.375X4,60,15.85,B548A42,3,11.89
EGBA12448NN,"1,176.90",BK.5X4,48,23.78,B548A54,3,11.89
EGBA14450EB,762.29,BK.25X4,50,14.53,B548A42,3,11.89
EGBA14148NN,352.59,BK.25X1,48,6.60,B548A41,3,11.89
EGBA14248BB,479.47,BK.25X2,48,9.25,B548A41,3,11.89
EGBA14248NN,479.47,BK.25X2,48,9.25,B548A41,3,11.89
EGBA14348DGT,733.22,BK.25X3T,48,14.53,B548A42,3,11.89
EGBA14348CC,606.35,BK.25X3,48,11.89,B548A42,3,11.89
EGBA14248JJ,479.47,BK.25X2,48,9.25,B548A41,3,11.89
EGBA14248GG,479.47,BK.25X2,48,9.25,B548A41,3,11.89
EGBA14448BB,733.22,BK.25X4,48,14.53,B548A42,3,11.89
EGBA14448CB,733.22,BK.25X4,48,14.53,B548A42,3,11.89
EGBA14448AA,733.22,BK.25X4,48,14.53,B548A42,3,11.89
EGBA14348NN,606.35,BK.25X3,48,11.89,B548A42,3,11.89
EGBA14448CC,733.22,BK.25X4,48,14.53,B548A42,3,11.89
EGBA14448GG,733.22,BK.25X4,48,14.53,B548A42,3,11.89
EGBA14448LL,733.22,BK.25X4,48,14.53,B548A42,3,11.89
EGBA14448CCT,859.89,BK.25X4T,48,17.17,B548A42,3,11.89
EGBA14448MM,733.22,BK.25X4,48,14.53,B548A42,3,11.89
EGBA14648BB,"1,022.35",BK.25X6,48,19.81,B548A52,3,23.77
EGBA14448NN,733.22,BK.25X4,48,14.53,B548A42,3,11.89
EGBA14448RR,733.22,BK.25X4,48,14.53,B548A42,3,11.89
EGBA14648CC,"1,022.35",BK.25X6,48,19.81,B548A52,3,23.77
EGBA14448NNT,859.89,BK.25X4T,48,17.17,B548A42,3,11.89
EGBA14648NN,"1,022.35",BK.25X6,48,19.81,B548A52,3,23.77
EGBA38448BB,796.48,BK.375X4,48,15.85,B548A42,3,11.89
EGBA38448CB,796.48,BK.375X4,48,15.85,B548A42,3,11.89
EGBC14248NN,443.80,BK.25X2,48,9.25
EGBA38448CC,796.48,BK.375X4,48,15.85,B548A42,3,11.89
EGBA38448LL,796.48,BK.375X4,48,15.85,B548A42,3,11.89
EGBA38248EE,511.18,BK.375X2,48,9.91,B548A41,3,11.89
EGBC14448NN,697.56,BK.25X4,48,14.53
EGBA38448GG,796.48,BK.375X4,48,15.85,B548A42,3,11.89
EGBA38448NN,796.48,BK.375X4,48,15.85,B548A42,3,11.89
EGBF12448CC,"1,386.74",BK.5X4,48,23.78,B548A54COVER,3,15.85,PG.25x6,50,3.96
EGBF12448CB,"1,386.74",BK.5X4,48,23.78,B548A54COVER,3,15.85,PG.25x6,50,3.96
EGBF14448CC,943.07,BK.25X4,48,14.53,B548A42COVER,3,15.85,PG.25x6,50,3.96
EGBA14442CC,646.03,BK.25X4,42,14.53,B548A42,3,11.89
EGBA12842NN,"1,458.23",BK.5X8,42,33.02,B548A55,3,23.77
EGBA14442CB,646.03,BK.25X4,42,14.53,B548A42,3,11.89
EGBF14448CCT,"1,069.74",BK.25X4T,48,17.17,B548A42COVER,3,15.85,PG.25x6,50,3.96
EGBA38642LL,"1,180.85",BK.375X6,42,26.42,B548A52,3,23.77
EGBA14440CC,616.96,BK.25X4,40,14.53,B548A42,3,11.89
EGBA14240EET,511.24,BK.25X2T,40,11.89,B548A41,3,11.89
EGBF14440QQ,795.14,BK.25X4,40,14.53,B548A42COVER,3,15.85,PG.25x6,42,3.96
EGBB14240EE,397.57,BK.25X2,40,9.25,B548A62,3,9.25
EGBA12636CC,998.58,BK.5X6,36,26.42,B548A55,2,23.77
EGBA12636LL,998.58,BK.5X6,36,26.42,B548A55,2,23.77
EGBA12436MM,879.70,BK.5X4,36,23.78,B548A54,2,11.89
EGBA14236BD,356.63,BK.25X2,36,9.25,B548A41,2,11.89
EGBA14236BB,356.63,BK.25X2,36,9.25,B548A41,2,11.89
EGBA14236DD,356.63,BK.25X2,36,9.25,B548A41,2,11.89
EGBA14236EE,356.63,BK.25X2,36,9.25,B548A41,2,11.89
EGBA14236GG,356.63,BK.25X2,36,9.25,B548A41,2,11.89
EGBA14336BB,451.79,BK.25X3,36,11.89,B548A42,2,11.89
EGBA14336BBT,546.94,BK.25X3T,36,14.53,B548A42,2,11.89
EGBA14236NN,356.63,BK.25X2,36,9.25,B548A41,2,11.89
EGBA14236NNT,451.79,BK.25X2T,36,11.89,B548A41,2,11.89
EGBA14336CC,451.79,BK.25X3,36,11.89,B548A42,2,11.89
EGBA14336DGT,546.94,BK.25X3T,36,14.53,B548A42,2,11.89
EGBA14336NN,451.79,BK.25X3,36,11.89,B548A42,2,11.89
EGBA14436AAT,641.95,BK.25X4T,36,17.17,B548A42,2,11.89
EGBA14436AA,546.94,BK.25X4,36,14.53,B548A42,2,11.89
EGBA14436BB,546.94,BK.25X4,36,14.53,B548A42,2,11.89
EGBA14436CB,546.94,BK.25X4,36,14.53,B548A42,2,11.89
EGBA14436CCT,641.95,BK.25X4T,36,17.17,B548A42,2,11.89
EGBA14436CC,546.94,BK.25X4,36,14.53,B548A42,2,11.89
EGBA14436DD,546.94,BK.25X4,36,14.53,B548A42,2,11.89
EGBA14436EE,546.94,BK.25X4,36,14.53,B548A42,2,11.89
EGBA14436JJ,546.94,BK.25X4,36,14.53,B548A42,2,11.89
EGBA14436LL,546.94,BK.25X4,36,14.53,B548A42,2,11.89
EGBA14436LLT,641.95,BK.25X4T,36,17.17,B548A42,2,11.89
EGBA14436MM,546.94,BK.25X4,36,14.53,B548A42,2,11.89
EGBA14436QQ,546.94,BK.25X4,36,14.53,B548A42,2,11.89
EGBA14436NN,546.94,BK.25X4,36,14.53,B548A42,2,11.89
EGBA14436RR,546.94,BK.25X4,36,14.53,B548A42,2,11.89
EGBA14636BB,760.82,BK.25X6,36,19.81,B548A52,2,23.77
EGBA14636CC,760.82,BK.25X6,36,19.81,B548A52,2,23.77
EGBA14636LL,760.82,BK.25X6,36,19.81,B548A52,2,23.77
EGBA14636NN,760.82,BK.25X6,36,19.81,B548A52,2,23.77
EGBA14636QQ,760.82,BK.25X6,36,19.81,B548A52,2,23.77
EGBA14636RR,760.82,BK.25X6,36,19.81,B548A52,2,23.77
EGBA14836CC,855.92,BK.25X8,36,22.46,B548A52,2,23.77
EGBA14836RR,855.92,BK.25X8,36,22.46,B548A52,2,23.77
EGBA38636JJ,998.58,BK.375X6,36,26.42,B548A52,2,23.77
EGBA38436EE,594.39,BK.375X4,36,15.85,B548A42,2,11.89
EGBA38236GG,380.41,BK.375X2,36,9.91,B548A41,2,11.89
EGBA14836NN,855.92,BK.25X8,36,22.46,B548A52,2,23.77
EGBC14236NN,332.85,BK.25X2,36,9.25
EGBF12436CB,"1,038.07",BK.5X4,36,23.78,B548A54COVER,2,15.85,PG.25x6,38,3.96
EGBD14336CC2QK,599.70,BK.25X3,36,11.89,B548A74,2,6.60,A800A23,10,15.85
EGBF12436LL,"1,038.07",BK.5X4,36,23.78,B548A54COVER,2,15.85,PG.25x6,38,3.96
EGBF14436CC,705.32,BK.25X4,36,14.53,B548A42COVER,2,15.85,PG.25x6,38,3.96
EGBA14434CC,517.88,BK.25X4,34,14.53,B548A42,2,11.89
EGBA14434DD,517.88,BK.25X4,34,14.53,B548A42,2,11.89
EGBA14433DBT,590.43,BK.25X4T,33,17.17,B548A42,2,11.89
EGBB14433DBT,585.14,BK.25X4T,33,17.17,B548A63,2,9.25
EGBA14432GG,488.82,BK.25X4,32,14.53,B548A42,2,11.89
EGBA14432CC,488.82,BK.25X4,32,14.53,B548A42,2,11.89
EGBA14432BB,488.82,BK.25X4,32,14.53,B548A42,2,11.89
EGBA14230EE,301.16,BK.25X2,30,9.25,B548A41,2,11.89
EGBA14230BB,301.16,BK.25X2,30,9.25,B548A41,2,11.89
EGBA14230EET,380.45,BK.25X2T,30,11.89,B548A41,2,11.89
EGBA14330CC,380.45,BK.25X3,30,11.89,B548A42,2,11.89
EGBA14430BB,459.75,BK.25X4,30,14.53,B548A42,2,11.89
EGBA14230HH,301.16,BK.25X2,30,9.25,B548A41,2,11.89
EGBA14430CC,459.75,BK.25X4,30,14.53,B548A42,2,11.89
EGBA14430LL,459.75,BK.25X4,30,14.53,B548A42,2,11.89
EGBA14430CCT,538.92,BK.25X4T,30,17.17,B548A42,2,11.89
EGBA14430NN,459.75,BK.25X4,30,14.53,B548A42,2,11.89
EGBA14630RR,641.94,BK.25X6,30,19.81,B548A52,2,23.77
EGBA14630NN,641.94,BK.25X6,30,19.81,B548A52,2,23.77
EGBA14830CC,721.19,BK.25X8,30,22.46,B548A52,2,23.77
EGBA38430NN,499.28,BK.375X4,30,15.85,B548A42,2,11.89
EGBA38430CC,499.28,BK.375X4,30,15.85,B548A42,2,11.89
EGBA38630LL,840.07,BK.375X6,30,26.42,B548A52,2,23.77
EGBB14230EET,375.17,BK.25X2T,30,11.89,B548A62,2,9.25
EGBB14330CB,375.17,BK.25X3,30,11.89,B548A63,2,9.25
EGBC12230NN,634.02,BK.5X2,30,21.13
EGBA14428CC,430.69,BK.25X4,28,14.53,B548A42,2,11.89
EGBA14428BDT,504.57,BK.25X4T,28,17.17,B548A42,2,11.89
EGBA14428NN,430.69,BK.25X4,28,14.53,B548A42,2,11.89
EGBC14428CC,406.91,BK.25X4,28,14.53
EGBA12224NN,530.99,BK.5X2,24,21.13,B548A53,2,11.89
EGBF12426CB,760.73,BK.5X4,26,23.78,B548A54COVER,2,15.85,PG.25x6,28,3.96
EGBA12224BB,530.99,BK.5X2,24,21.13,B548A53,2,11.89
EGBA12424CC,594.39,BK.5X4,24,23.78,B548A54,2,11.89
EGBA12424NN,594.39,BK.5X4,24,23.78,B548A54,2,11.89
EGBA12624CC,681.56,BK.5X6,24,26.42,B548A55,2,23.77
EGBA12624NN,681.56,BK.5X6,24,26.42,B548A55,2,23.77
EGBA12824NN,840.07,BK.5X8,24,33.02,B548A55,2,23.77
EGBA12624RR,681.56,BK.5X6,24,26.42,B548A55,2,23.77
EGBA14124NN,182.24,BK.25X1,24,6.60,B548A41,2,11.89
EGBA14224BB,245.68,BK.25X2,24,9.25,B548A41,2,11.89
EGBA14224BBT,309.12,BK.25X2T,24,11.89,B548A41,2,11.89
EGBA14224DD,245.68,BK.25X2,24,9.25,B548A41,2,11.89
EGBA14224BE,245.68,BK.25X2,24,9.25,B548A41,2,11.89
EGBA14224EE,245.68,BK.25X2,24,9.25,B548A41,2,11.89
EGBA14224EET,309.12,BK.25X2T,24,11.89,B548A41,2,11.89
EGBA14224GE,245.68,BK.25X2,24,9.25,B548A41,2,11.89
EGBA14224GG,245.68,BK.25X2,24,9.25,B548A41,2,11.89
EGBA14224GGT,309.12,BK.25X2T,24,11.89,B548A41,2,11.89
EGBA14224HH,245.68,BK.25X2,24,9.25,B548A41,2,11.89
EGBA14224JJ,245.68,BK.25X2,24,9.25,B548A41,2,11.89
EGBA14324AA,309.12,BK.25X3,24,11.89,B548A42,2,11.89
EGBA14224NN,245.68,BK.25X2,24,9.25,B548A41,2,11.89
EGBA14324BB,309.12,BK.25X3,24,11.89,B548A42,2,11.89
EGBA14324CC,309.12,BK.25X3,24,11.89,B548A42,2,11.89
EGBA14324BBT,372.56,BK.25X3T,24,14.53,B548A42,2,11.89
EGBA14324CF,309.12,BK.25X3,24,11.89,B548A42,2,11.89
EGBA14324CCT,372.56,BK.25X3T,24,14.53,B548A42,2,11.89
EGBA14324DGT,372.56,BK.25X3T,24,14.53,B548A42,2,11.89
EGBA14324EC,309.12,BK.25X3,24,11.89,B548A42,2,11.89
EGBA14324GG,309.12,BK.25X3,24,11.89,B548A42,2,11.89
EGBA14324LL,309.12,BK.25X3,24,11.89,B548A42,2,11.89
EGBA14324LLT,372.56,BK.25X3T,24,14.53,B548A42,2,11.89
EGBA14324NN,309.12,BK.25X3,24,11.89,B548A42,2,11.89
EGBA14424AA,372.56,BK.25X4,24,14.53,B548A42,2,11.89
EGBA14424AAT,435.89,BK.25X4T,24,17.17,B548A42,2,11.89
EGBA14424BB,372.56,BK.25X4,24,14.53,B548A42,2,11.89
EGBA14424BBT,435.89,BK.25X4T,24,17.17,B548A42,2,11.89
EGBA14424BC,372.56,BK.25X4,24,14.53,B548A42,2,11.89
EGBA14424BD,372.56,BK.25X4,24,14.53,B548A42,2,11.89
EGBA14424BFT,435.89,BK.25X4T,24,17.17,B548A42,2,11.89
EGBA14424CA,372.56,BK.25X4,24,14.53,B548A42,2,11.89
EGBA14424CB,372.56,BK.25X4,24,14.53,B548A42,2,11.89
EGBA14424CBT,435.89,BK.25X4T,24,17.17,B548A42,2,11.89
EGBA14424DD,372.56,BK.25X4,24,14.53,B548A42,2,11.89
EGBA14424CCT,435.89,BK.25X4T,24,17.17,B548A42,2,11.89
EGBA14424DDT,435.89,BK.25X4T,24,17.17,B548A42,2,11.89
EGBA14424EE,372.56,BK.25X4,24,14.53,B548A42,2,11.89
EGBA14424GG,372.56,BK.25X4,24,14.53,B548A42,2,11.89
EGBA14424JJT,435.89,BK.25X4T,24,17.17,B548A42,2,11.89
EGBA14424GGT,435.89,BK.25X4T,24,17.17,B548A42,2,11.89
EGBA14424KK,372.56,BK.25X4,24,14.53,B548A42,2,11.89
EGBA14424LLT,435.89,BK.25X4T,24,17.17,B548A42,2,11.89
EGBA14424MM,372.56,BK.25X4,24,14.53,B548A42,2,11.89
EGBA14424MMT,435.89,BK.25X4T,24,17.17,B548A42,2,11.89
EGBA14424NN,372.56,BK.25X4,24,14.53,B548A42,2,11.89
EGBA14424NNT,435.89,BK.25X4T,24,17.17,B548A42,2,11.89
EGBA14424QQ,372.56,BK.25X4,24,14.53,B548A42,2,11.89
EGBA14424RRT,435.89,BK.25X4T,24,17.17,B548A42,2,11.89
EGBA14424RR,372.56,BK.25X4,24,14.53,B548A42,2,11.89
EGBA14824DG,586.46,BK.25X8,24,22.46,B548A52,2,23.77
EGBA14824LL,586.46,BK.25X8,24,22.46,B548A52,2,23.77
EGBA14824MM,586.46,BK.25X8,24,22.46,B548A52,2,23.77
EGBA14824NN,586.46,BK.25X8,24,22.46,B548A52,2,23.77
EGBA38424BB,404.18,BK.375X4,24,15.85,B548A42,2,11.89
EGBA38424CC,404.18,BK.375X4,24,15.85,B548A42,2,11.89
EGBA38424DD,404.18,BK.375X4,24,15.85,B548A42,2,11.89
EGBA38624LL,681.56,BK.375X6,24,26.42,B548A52,2,23.77
EGBA38624CC,681.56,BK.375X6,24,26.42,B548A52,2,23.77
EGBB14324CB,303.83,BK.25X3,24,11.89,B548A63,2,9.25
EGBB14424CC,367.27,BK.25X4,24,14.53,B548A63,2,9.25
EGBB14424EE,367.27,BK.25X4,24,14.53,B548A63,2,9.25
EGBB14424JE,367.27,BK.25X4,24,14.53,B548A63,2,9.25
EGBB38324NN,327.56,BK.375X3,24,12.88,B548A63,2,9.25
EGBC14124NN,158.46,BK.25X1,24,6.60
EGBC14424NN,348.78,BK.25X4,24,14.53
EGBC14224NN,221.90,BK.25X2,24,9.25
EGBD14224BB,235.11,BK.25X2,24,9.25,B548A74,2,6.60
EGBF12424CB,705.26,BK.5X4,24,23.78,B548A54COVER,2,15.85,PG.25x6,26,3.96
EGBF12424CC,705.26,BK.5X4,24,23.78,B548A54COVER,2,15.85,PG.25x6,26,3.96
EGBF14424CC,483.42,BK.25X4,24,14.53,B548A42COVER,2,15.85,PG.25x6,26,3.96
EGBF14424GG,483.42,BK.25X4,24,14.53,B548A42COVER,2,15.85,PG.25x6,26,3.96
EGBF14424LL,483.42,BK.25X4,24,14.53,B548A42COVER,2,15.85,PG.25x6,26,3.96
EGBF14424RR,483.42,BK.25X4,24,14.53,B548A42COVER,2,15.85,PG.25x6,26,3.96
EGBA14422BD,343.49,BK.25X4,22,14.53,B548A42,2,11.89
EGBA14222EET,285.34,BK.25X2T,22,11.89,B548A41,2,11.89
EGBA14421RR,328.96,BK.25X4,21,14.53,B548A42,2,11.89
EGBA14220BB,208.70,BK.25X2,20,9.25,B548A41,2,11.89
EGBA12420NN,499.29,BK.5X4,20,23.78,B548A54,2,11.89
EGBA14220BE,208.70,BK.25X2,20,9.25,B548A41,2,11.89
EGBA14220DGT,261.56,BK.25X2T,20,11.89,B548A41,2,11.89
EGBA14220EE,208.70,BK.25X2,20,9.25,B548A41,2,11.89
EGBA14220HH,208.70,BK.25X2,20,9.25,B548A41,2,11.89
EGBA14220JJ,208.70,BK.25X2,20,9.25,B548A41,2,11.89
EGBA14320BB,261.56,BK.25X3,20,11.89,B548A42,2,11.89
EGBA14320CC,261.56,BK.25X3,20,11.89,B548A42,2,11.89
EGBA14420DG1TE,393.67,BK.25X4,20,14.53,B548A42,2,11.89,A809A07T,5,15.85
EGBA14220NN,208.70,BK.25X2,20,9.25,B548A41,2,11.89
EGBA14420LLT2GT,779.27,BK.25X4T,20,17.17,B548A42,2,11.89,A800A08,26,15.85
EGBA14420BB,314.43,BK.25X4,20,14.53,B548A42,2,11.89
EGBA14420AA,314.43,BK.25X4,20,14.53,B548A42,2,11.89
EGBA14420CB,314.43,BK.25X4,20,14.53,B548A42,2,11.89
EGBA14420CBT,367.20,BK.25X4T,20,17.17,B548A42,2,11.89
EGBA14420CC,314.43,BK.25X4,20,14.53,B548A42,2,11.89
EGBA14420CCT,367.20,BK.25X4T,20,17.17,B548A42,2,11.89
EGBA14420GG,314.43,BK.25X4,20,14.53,B548A42,2,11.89
EGBA14420HH,314.43,BK.25X4,20,14.53,B548A42,2,11.89
EGBA14420LL,314.43,BK.25X4,20,14.53,B548A42,2,11.89
EGBA14420LLT,367.20,BK.25X4T,20,17.17,B548A42,2,11.89
EGBA14420MM,314.43,BK.25X4,20,14.53,B548A42,2,11.89
EGBA14420NN,314.43,BK.25X4,20,14.53,B548A42,2,11.89
EGBA14420QQ,314.43,BK.25X4,20,14.53,B548A42,2,11.89
EGBA14420QQT,367.20,BK.25X4T,20,17.17,B548A42,2,11.89
EGBA14420RR,314.43,BK.25X4,20,14.53,B548A42,2,11.89
EGBA38420CC,340.78,BK.375X4,20,15.85,B548A42,2,11.89
EGBB14420CC,309.14,BK.25X4,20,14.53,B548A63,2,9.25
EGBA38320BF,281.33,BK.375X3,20,12.88,B548A42,2,11.89
EGBF14420LLT,462.23,BK.25X4T,20,17.17,B548A42COVER,2,15.85,PG.25x6,22,3.96
EGBF14420LL,409.45,BK.25X4,20,14.53,B548A42COVER,2,15.85,PG.25x6,22,3.96
EGBF14420CC,409.45,BK.25X4,20,14.53,B548A42COVER,2,15.85,PG.25x6,22,3.96
EGBA12418MM,451.74,BK.5X4,18,23.78,B548A54,2,11.89
EGBA12418EE,451.74,BK.5X4,18,23.78,B548A54,2,11.89
EGBA12418NN,451.74,BK.5X4,18,23.78,B548A54,2,11.89
EGBA14118NN,142.63,BK.25X1,18,6.60,B548A41,2,11.89
EGBA14218EE,190.20,BK.25X2,18,9.25,B548A41,2,11.89
EGBA14218BB,190.20,BK.25X2,18,9.25,B548A41,2,11.89
EGBA14218GG,190.20,BK.25X2,18,9.25,B548A41,2,11.89
EGBA14218HH,190.20,BK.25X2,18,9.25,B548A41,2,11.89
EGBA14218HHT,237.78,BK.25X2T,18,11.89,B548A41,2,11.89
EGBA14318DD,237.78,BK.25X3,18,11.89,B548A42,2,11.89
EGBA14218NN,190.20,BK.25X2,18,9.25,B548A41,2,11.89
EGBA14318GG,237.78,BK.25X3,18,11.89,B548A42,2,11.89
EGBA14318NN,237.78,BK.25X3,18,11.89,B548A42,2,11.89
EGBA14418AA,285.36,BK.25X4,18,14.53,B548A42,2,11.89
EGBA14418BB,285.36,BK.25X4,18,14.53,B548A42,2,11.89
EGBA14418BC,285.36,BK.25X4,18,14.53,B548A42,2,11.89
EGBA14418CC,285.36,BK.25X4,18,14.53,B548A42,2,11.89
EGBA14418CCT,332.86,BK.25X4T,18,17.17,B548A42,2,11.89
EGBA14418DD,285.36,BK.25X4,18,14.53,B548A42,2,11.89
EGBA14418GG,285.36,BK.25X4,18,14.53,B548A42,2,11.89
EGBA14418JJ,285.36,BK.25X4,18,14.53,B548A42,2,11.89
EGBA14418MM,285.36,BK.25X4,18,14.53,B548A42,2,11.89
EGBA14418LL,285.36,BK.25X4,18,14.53,B548A42,2,11.89
EGBA14418LLT,332.86,BK.25X4T,18,17.17,B548A42,2,11.89
EGBA14418NN,285.36,BK.25X4,18,14.53,B548A42,2,11.89
EGBA38418BB,309.08,BK.375X4,18,15.85,B548A42,2,11.89
EGBA38418NN,309.08,BK.375X4,18,15.85,B548A42,2,11.89
EGBA38418DB,309.08,BK.375X4,18,15.85,B548A42,2,11.89
EGBB14418BB,280.08,BK.25X4,18,14.53,B548A63,2,9.25
EGBB14318CB,232.50,BK.25X3,18,11.89,B548A63,2,9.25
EGBC14118HH,118.85,BK.25X1,18,6.60
EGBF14418CC,372.47,BK.25X4,18,14.53,B548A42COVER,2,15.85,PG.25x6,20,3.96
EGBC14218EET,214.01,BK.25X2T,18,11.89
EGBF14418CCT,419.97,BK.25X4T,18,17.17,B548A42COVER,2,15.85,PG.25x6,20,3.96
EGBF14418LL,372.47,BK.25X4,18,14.53,B548A42COVER,2,15.85,PG.25x6,20,3.96
EGBA12416BD,404.19,BK.5X4,16,23.78,B548A54,2,11.89
EGBA12416CA,404.19,BK.5X4,16,23.78,B548A54,2,11.89
EGBA12416AA,404.19,BK.5X4,16,23.78,B548A54,2,11.89
EGBA14116HH,129.42,BK.25X1,16,6.60,B548A41,2,11.89
EGBA14216BB,171.71,BK.25X2,16,9.25,B548A41,2,11.89
EGBA14216EE,171.71,BK.25X2,16,9.25,B548A41,2,11.89
EGBA14216GG,171.71,BK.25X2,16,9.25,B548A41,2,11.89
EGBA14216HH,171.71,BK.25X2,16,9.25,B548A41,2,11.89
EGBA14316CC,214.01,BK.25X3,16,11.89,B548A42,2,11.89
EGBA14416AA,256.30,BK.25X4,16,14.53,B548A42,2,11.89
EGBA14416AAT,298.52,BK.25X4T,16,17.17,B548A42,2,11.89
EGBA14216NNT,214.01,BK.25X2T,16,11.89,B548A41,2,11.89
EGBA14216NN,171.71,BK.25X2,16,9.25,B548A41,2,11.89
EGBA14416BB,256.30,BK.25X4,16,14.53,B548A42,2,11.89
EGBA14416CA,256.30,BK.25X4,16,14.53,B548A42,2,11.89
EGBA14416CCT,298.52,BK.25X4T,16,17.17,B548A42,2,11.89
EGBA14416CC,256.30,BK.25X4,16,14.53,B548A42,2,11.89
EGBA14416CF,256.30,BK.25X4,16,14.53,B548A42,2,11.89
EGBA14416LL,256.30,BK.25X4,16,14.53,B548A42,2,11.89
EGBA14416NN,256.30,BK.25X4,16,14.53,B548A42,2,11.89
EGBA38416GG,277.38,BK.375X4,16,15.85,B548A42,2,11.89
EGBA14416NNT,298.52,BK.25X4T,16,17.17,B548A42,2,11.89
EGBC14316LL,190.23,BK.25X3,16,11.89
EGBC14416AA,232.52,BK.25X4,16,14.53
EGBC14416CAT,274.74,BK.25X4T,16,17.17
EGBD14416JET,287.95,BK.25X4T,16,17.17,B548A74,2,6.60
EGBF14416LL,335.48,BK.25X4,16,14.53,B548A42COVER,2,15.85,PG.25x6,18,3.96
EGBF14416LLT,377.71,BK.25X4T,16,17.17,B548A42COVER,2,15.85,PG.25x6,18,3.96
EGBA14215BDT,202.12,BK.25X2T,15,11.89,B548A41,2,11.89
EGBA14215JJ,162.47,BK.25X2,15,9.25,B548A41,2,11.89
EGBA14215EET,202.12,BK.25X2T,15,11.89,B548A41,2,11.89
EGBA14215GG,162.47,BK.25X2,15,9.25,B548A41,2,11.89
EGBA14215JJT,202.12,BK.25X2T,15,11.89,B548A41,2,11.89
EGBA14415CC,241.76,BK.25X4,15,14.53,B548A42,2,11.89
EGBA14415CCT,281.35,BK.25X4T,15,17.17,B548A42,2,11.89
EGBA14215NN,162.47,BK.25X2,15,9.25,B548A41,2,11.89
EGBA14415GG,241.76,BK.25X4,15,14.53,B548A42,2,11.89
EGBA14415LL,241.76,BK.25X4,15,14.53,B548A42,2,11.89
EGBA12414BB,356.64,BK.5X4,14,23.78,B548A54,2,11.89
EGBC14215NN,138.69,BK.25X2,15,9.25
EGBA14214BDT,190.23,BK.25X2T,14,11.89,B548A41,2,11.89
EGBA14214EE,153.22,BK.25X2,14,9.25,B548A41,2,11.89
EGBA14214HH,153.22,BK.25X2,14,9.25,B548A41,2,11.89
EGBA14214GCT,190.23,BK.25X2T,14,11.89,B548A41,2,11.89
EGBA14414AA,227.23,BK.25X4,14,14.53,B548A42,2,11.89
EGBA14214NN,153.22,BK.25X2,14,9.25,B548A41,2,11.89
EGBA14414BB,227.23,BK.25X4,14,14.53,B548A42,2,11.89
EGBA14414BF,227.23,BK.25X4,14,14.53,B548A42,2,11.89
EGBA14414EE,227.23,BK.25X4,14,14.53,B548A42,2,11.89
EGBA14414CC,227.23,BK.25X4,14,14.53,B548A42,2,11.89
EGBA14414GG,227.23,BK.25X4,14,14.53,B548A42,2,11.89
EGBA14414KK,227.23,BK.25X4,14,14.53,B548A42,2,11.89
EGBA14414LL,227.23,BK.25X4,14,14.53,B548A42,2,11.89
EGBA14414NN,227.23,BK.25X4,14,14.53,B548A42,2,11.89
EGBA14414RR,227.23,BK.25X4,14,14.53,B548A42,2,11.89
EGBB14214NN,147.93,BK.25X2,14,9.25,B548A62,2,9.25
EGBB14414CC,221.95,BK.25X4,14,14.53,B548A63,2,9.25
EGBA14213NN,143.98,BK.25X2,13,9.25,B548A41,2,11.89
EGBC14213EB,120.20,BK.25X2,13,9.25
EGBB14313GGT,207.41,BK.25X3T,13,14.53,B548A63,2,9.25
EGBA12412AA,309.09,BK.5X4,12,23.78,B548A54,2,11.89
EGBA12412GG,309.09,BK.5X4,12,23.78,B548A54,2,11.89
EGBA12412CC,309.09,BK.5X4,12,23.78,B548A54,2,11.89
EGBA12412NN,309.09,BK.5X4,12,23.78,B548A54,2,11.89
EGBA12212NN,277.39,BK.5X2,12,21.13,B548A53,2,11.89
EGBA12612LL,364.55,BK.5X6,12,26.42,B548A55,2,23.77
EGBA14112EE,103.01,BK.25X1,12,6.60,B548A41,2,11.89
EGBA14112NN,103.01,BK.25X1,12,6.60,B548A41,2,11.89
EGBA14112HH,103.01,BK.25X1,12,6.60,B548A41,2,11.89
EGBA14212BD,134.73,BK.25X2,12,9.25,B548A41,2,11.89
EGBA14212BB,134.73,BK.25X2,12,9.25,B548A41,2,11.89
EGBA14212BBT,166.45,BK.25X2T,12,11.89,B548A41,2,11.89
EGBA14212DD,134.73,BK.25X2,12,9.25,B548A41,2,11.89
EGBA14212EB,134.73,BK.25X2,12,9.25,B548A41,2,11.89
EGBA14212DDT,166.45,BK.25X2T,12,11.89,B548A41,2,11.89
EGBA14212ECT,166.45,BK.25X2T,12,11.89,B548A41,2,11.89
EGBA14212EE,134.73,BK.25X2,12,9.25,B548A41,2,11.89
EGBA14212EET,166.45,BK.25X2T,12,11.89,B548A41,2,11.89
EGBA14212GG,134.73,BK.25X2,12,9.25,B548A41,2,11.89
EGBA14212HH,134.73,BK.25X2,12,9.25,B548A41,2,11.89
EGBA14212HHT,166.45,BK.25X2T,12,11.89,B548A41,2,11.89
EGBA14212JJT,166.45,BK.25X2T,12,11.89,B548A41,2,11.89
EGBA14212JJ,134.73,BK.25X2,12,9.25,B548A41,2,11.89
EGBA14212NNT,166.45,BK.25X2T,12,11.89,B548A41,2,11.89
EGBA14212NN,134.73,BK.25X2,12,9.25,B548A41,2,11.89
EGBA14312BB,166.45,BK.25X3,12,11.89,B548A42,2,11.89
EGBA14312LL2QA,182.30,BK.25X3,12,11.89,B548A42,2,11.89,A800A23,1,15.85
EGBA14312BBT,198.17,BK.25X3T,12,14.53,B548A42,2,11.89
EGBA14312CC,166.45,BK.25X3,12,11.89,B548A42,2,11.89
EGBA14312EE,166.45,BK.25X3,12,11.89,B548A42,2,11.89
EGBA14312HH,166.45,BK.25X3,12,11.89,B548A42,2,11.89
EGBA14312LL,166.45,BK.25X3,12,11.89,B548A42,2,11.89
EGBA14312GG,166.45,BK.25X3,12,11.89,B548A42,2,11.89
EGBA14312MMT,198.17,BK.25X3T,12,14.53,B548A42,2,11.89
EGBA14312MM,166.45,BK.25X3,12,11.89,B548A42,2,11.89
EGBA14412AA1TD,261.56,BK.25X4,12,14.53,B548A42,2,11.89,A809A07T,4,15.85
EGBA14312NN,166.45,BK.25X3,12,11.89,B548A42,2,11.89
EGBA14412AA,198.17,BK.25X4,12,14.53,B548A42,2,11.89
EGBA14412CCT1TK,388.32,BK.25X4T,12,17.17,B548A42,2,11.89,A809A07T,10,15.85
EGBA14412BBT,229.83,BK.25X4T,12,17.17,B548A42,2,11.89
EGBA14412AAT,229.83,BK.25X4T,12,17.17,B548A42,2,11.89
EGBA14412BB,198.17,BK.25X4,12,14.53,B548A42,2,11.89
EGBA14412BD,198.17,BK.25X4,12,14.53,B548A42,2,11.89
EGBA14412BE,198.17,BK.25X4,12,14.53,B548A42,2,11.89
EGBA14412CC,198.17,BK.25X4,12,14.53,B548A42,2,11.89
EGBA14412CBT,229.83,BK.25X4T,12,17.17,B548A42,2,11.89
EGBA14412CB,198.17,BK.25X4,12,14.53,B548A42,2,11.89
EGBA14412CF,198.17,BK.25X4,12,14.53,B548A42,2,11.89
EGBA14412CCT,229.83,BK.25X4T,12,17.17,B548A42,2,11.89
EGBA14412DG,198.17,BK.25X4,12,14.53,B548A42,2,11.89
EGBA14412DD,198.17,BK.25X4,12,14.53,B548A42,2,11.89
EGBA14412EC,198.17,BK.25X4,12,14.53,B548A42,2,11.89
EGBA14412EE,198.17,BK.25X4,12,14.53,B548A42,2,11.89
EGBA14412GGT,229.83,BK.25X4T,12,17.17,B548A42,2,11.89
EGBA14412HH,198.17,BK.25X4,12,14.53,B548A42,2,11.89
EGBA14412GET,229.83,BK.25X4T,12,17.17,B548A42,2,11.89
EGBA14412JE,198.17,BK.25X4,12,14.53,B548A42,2,11.89
EGBA14412JJ,198.17,BK.25X4,12,14.53,B548A42,2,11.89
EGBA14412KK,198.17,BK.25X4,12,14.53,B548A42,2,11.89
EGBA14412LB,198.17,BK.25X4,12,14.53,B548A42,2,11.89
EGBA14412LL,198.17,BK.25X4,12,14.53,B548A42,2,11.89
EGBA14412LLT,229.83,BK.25X4T,12,17.17,B548A42,2,11.89
EGBA14412MM,198.17,BK.25X4,12,14.53,B548A42,2,11.89
EGBA14412QQ,198.17,BK.25X4,12,14.53,B548A42,2,11.89
EGBA14412NNT,229.83,BK.25X4T,12,17.17,B548A42,2,11.89
EGBA14412MMT,229.83,BK.25X4T,12,17.17,B548A42,2,11.89
EGBA14412QQT,229.83,BK.25X4T,12,17.17,B548A42,2,11.89
EGBA14412RR,198.17,BK.25X4,12,14.53,B548A42,2,11.89
EGBA14612AA,285.30,BK.25X6,12,19.81,B548A52,2,23.77
EGBA14412RRT,229.83,BK.25X4T,12,17.17,B548A42,2,11.89
EGBA14612BF,285.30,BK.25X6,12,19.81,B548A52,2,23.77
EGBA14612CC,285.30,BK.25X6,12,19.81,B548A52,2,23.77
EGBA14812BB,317.00,BK.25X8,12,22.46,B548A52,2,23.77
EGBA38212NN,142.66,BK.375X2,12,9.91,B548A41,2,11.89
EGBA38412BB,213.98,BK.375X4,12,15.85,B548A42,2,11.89
EGBA38212EE,142.66,BK.375X2,12,9.91,B548A41,2,11.89
EGBA38412AA,213.98,BK.375X4,12,15.85,B548A42,2,11.89
EGBA38412GG,213.98,BK.375X4,12,15.85,B548A42,2,11.89
EGBA38412HH,213.98,BK.375X4,12,15.85,B548A42,2,11.89
EGBA38412CC,213.98,BK.375X4,12,15.85,B548A42,2,11.89
EGBA38412NN,213.98,BK.375X4,12,15.85,B548A42,2,11.89
EGBA38612GG,364.55,BK.375X6,12,26.42,B548A52,2,23.77
EGBB14112HH,97.72,BK.25X1,12,6.60,B548A62,2,9.25
EGBB14212JJ,129.44,BK.25X2,12,9.25,B548A62,2,9.25
EGBB14312CB,161.16,BK.25X3,12,11.89,B548A63,2,9.25
EGBC14212BB,110.95,BK.25X2,12,9.25
EGBB14412BB,192.88,BK.25X4,12,14.53,B548A63,2,9.25
EGBB14412CC,192.88,BK.25X4,12,14.53,B548A63,2,9.25
EGBB14412CCT,224.55,BK.25X4T,12,17.17,B548A63,2,9.25
EGBC14212BFT,142.67,BK.25X2T,12,11.89
EGBC14212EE,110.95,BK.25X2,12,9.25
EGBC14212GG,110.95,BK.25X2,12,9.25
EGBC14312NN,142.67,BK.25X3,12,11.89
EGBC14412NN,174.39,BK.25X4,12,14.53
EGBD14312CC2QK,314.36,BK.25X3,12,11.89,B548A74,2,6.60,A800A23,10,15.85
EGBD14412NN,187.59,BK.25X4,12,14.53,B548A74,2,6.60
EGBF14412CC,261.52,BK.25X4,12,14.53,B548A42COVER,2,15.85,PG.25x6,14,3.96
EGBC14412NNT,206.06,BK.25X4T,12,17.17
EGBD14212NN,124.16,BK.25X2,12,9.25,B548A74,2,6.60
EGBF14412LL,261.52,BK.25X4,12,14.53,B548A42COVER,2,15.85,PG.25x6,14,3.96
EGBA12210JJ,235.12,BK.5X2,10,21.13,B548A53,2,11.89
EGBF14412LLT,293.18,BK.25X4T,12,17.17,B548A42COVER,2,15.85,PG.25x6,14,3.96
EGBA14110NN,89.80,BK.25X1,10,6.60,B548A41,2,11.89
EGBA14210BE,116.24,BK.25X2,10,9.25,B548A41,2,11.89
EGBA14210BB,116.24,BK.25X2,10,9.25,B548A41,2,11.89
EGBA14210HB,116.24,BK.25X2,10,9.25,B548A41,2,11.89
EGBA14210GG,116.24,BK.25X2,10,9.25,B548A41,2,11.89
EGBA14210EE,116.24,BK.25X2,10,9.25,B548A41,2,11.89
EGBA14210JE,116.24,BK.25X2,10,9.25,B548A41,2,11.89
EGBA14210JF,116.24,BK.25X2,10,9.25,B548A41,2,11.89
EGBA14210JJ,116.24,BK.25X2,10,9.25,B548A41,2,11.89
EGBA14210NN,116.24,BK.25X2,10,9.25,B548A41,2,11.89
EGBA14210SS,116.24,BK.25X2,10,9.25,B548A41,2,11.89
EGBA14410AA,169.10,BK.25X4,10,14.53,B548A42,2,11.89
EGBA14310NN,142.67,BK.25X3,10,11.89,B548A42,2,11.89
EGBA14410EE,169.10,BK.25X4,10,14.53,B548A42,2,11.89
EGBA14410CC,169.10,BK.25X4,10,14.53,B548A42,2,11.89
EGBA14410AAT,195.49,BK.25X4T,10,17.17,B548A42,2,11.89
EGBA14410GG,169.10,BK.25X4,10,14.53,B548A42,2,11.89
EGBA14410GGT,195.49,BK.25X4T,10,17.17,B548A42,2,11.89
EGBA14410LL,169.10,BK.25X4,10,14.53,B548A42,2,11.89
EGBA14410NN,169.10,BK.25X4,10,14.53,B548A42,2,11.89
EGBA14410NNT,195.49,BK.25X4T,10,17.17,B548A42,2,11.89
EGBC14310LL,118.89,BK.25X3,10,11.89
EGBA38410DB,182.28,BK.375X4,10,15.85,B548A42,2,11.89
EGBA14410RR,169.10,BK.25X4,10,14.53,B548A42,2,11.89
EGBA14209GGT,130.78,BK.25X2T,9,11.89,B548A41,2,11.89
EGBC14110HH,66.03,BK.25X1,10,6.60
EGBA38509AA,237.75,BK.375X5,9,21.14,B548A52,2,23.77
EGBB14209HHT,125.49,BK.25X2T,9,11.89,B548A62,2,9.25
EGBA12408NN,213.98,BK.5X4,8,23.78,B548A54,2,11.89
EGBA14208BB,97.75,BK.25X2,8,9.25,B548A41,2,11.89
EGBA14208EE,97.75,BK.25X2,8,9.25,B548A41,2,11.89
EGBA14208NN,97.75,BK.25X2,8,9.25,B548A41,2,11.89
EGBA14208GG,97.75,BK.25X2,8,9.25,B548A41,2,11.89
EGBA14208BF,97.75,BK.25X2,8,9.25,B548A41,2,11.89
EGBA14208HHT,118.89,BK.25X2T,8,11.89,B548A41,2,11.89
EGBA14308JJ,118.89,BK.25X3,8,11.89,B548A42,2,11.89
EGBA14308AA1TK,277.38,BK.25X3,8,11.89,B548A42,2,11.89,A809A07T,10,15.85
EGBA14308NN,118.89,BK.25X3,8,11.89,B548A42,2,11.89
EGBA14408BB,140.04,BK.25X4,8,14.53,B548A42,2,11.89
EGBA14408MM,140.04,BK.25X4,8,14.53,B548A42,2,11.89
EGBA14408NN,140.04,BK.25X4,8,14.53,B548A42,2,11.89
EGBC14408GG,116.26,BK.25X4,8,14.53
EGBC14308LLT,116.26,BK.25X3T,8,14.53
EGBA14608AA,206.04,BK.25X6,8,19.81,B548A52,2,23.77
EGBA38308NN,126.80,BK.375X3,8,12.88,B548A42,2,11.89
EGBA14207BF,88.50,BK.25X2,7,9.25,B548A41,2,11.89
EGBC14307NN,83.22,BK.25X3,7,11.89
EGBA12206NN,150.58,BK.5X2,6,21.13,B548A53,2,11.89
EGBA14106HH,63.39,BK.25X1,6,6.60,B548A41,2,11.89
EGBA14106HHT,79.25,BK.25X1T,6,9.25,B548A41,2,11.89
EGBA14206BD,79.25,BK.25X2,6,9.25,B548A41,2,11.89
EGBA14206EC,79.25,BK.25X2,6,9.25,B548A41,2,11.89
EGBA14206EET,95.11,BK.25X2T,6,11.89,B548A41,2,11.89
EGBA14106NN,63.39,BK.25X1,6,6.60,B548A41,2,11.89
EGBA14206EE,79.25,BK.25X2,6,9.25,B548A41,2,11.89
EGBA14206JJ,79.25,BK.25X2,6,9.25,B548A41,2,11.89
EGBA14206GG,79.25,BK.25X2,6,9.25,B548A41,2,11.89
EGBA14206NN,79.25,BK.25X2,6,9.25,B548A41,2,11.89
EGBA14206SS,79.25,BK.25X2,6,9.25,B548A41,2,11.89
EGBA14206NNT,95.11,BK.25X2T,6,11.89,B548A41,2,11.89
EGBA14406CC,110.97,BK.25X4,6,14.53,B548A42,2,11.89
EGBA14306NN,95.11,BK.25X3,6,11.89,B548A42,2,11.89
EGBA14306CC,95.11,BK.25X3,6,11.89,B548A42,2,11.89
EGBA14406CCT,126.81,BK.25X4T,6,17.17,B548A42,2,11.89
EGBA14406LL,110.97,BK.25X4,6,14.53,B548A42,2,11.89
EGBA14406NN,110.97,BK.25X4,6,14.53,B548A42,2,11.89
EGBB14106NN,58.11,BK.25X1,6,6.60,B548A62,2,9.25
EGBB14206EET,89.83,BK.25X2T,6,11.89,B548A62,2,9.25
EGBB14206NN,73.97,BK.25X2,6,9.25,B548A62,2,9.25
EGBC14106EE,39.62,BK.25X1,6,6.60
EGBF14406LLT,166.40,BK.25X4T,6,17.17,B548A42COVER,2,15.85,PG.25x6,8,3.96
EGBC14206NN,55.48,BK.25X2,6,9.25
EGBF14406LL,150.57,BK.25X4,6,14.53,B548A42COVER,2,15.85,PG.25x6,8,3.96
EGBA14424CC,372.56,BK.25X4,24,14.53,B548A42,2,11.89
EGBA14424LL,372.56,BK.25X4,24,14.53,B548A42,2,11.89
EGBA14412GG,198.17,BK.25X4,12,14.53,B548A42,2,11.89
EGBA14412NN,198.17,BK.25X4,12,14.53,B548A42,2,11.89
EGBA14618CC,404.18,BK.25X6,18,19.81,B548A52,2,23.77
EGBA14612NN,285.30,BK.25X6,12,19.81,B548A52,2,23.77
EGBA14612GG,285.30,BK.25X6,12,19.81,B548A52,2,23.77
EGBA14630CC,641.94,BK.25X6,30,19.81,B548A52,2,23.77
EGBA14424JJ,372.56,BK.25X4,24,14.53,B548A42,2,11.89
EGBA14436GG,546.94,BK.25X4,36,14.53,B548A42,2,11.89
EGBA14424QQT,435.89,BK.25X4T,24,17.17,B548A42,2,11.89
EGBA14436QQT,641.95,BK.25X4T,36,17.17,B548A42,2,11.89
EGBA14418BD,285.36,BK.25X4,18,14.53,B548A42,2,11.89
EGBA14416LLT,298.52,BK.25X4T,16,17.17,B548A42,2,11.89
EGBA14418EE,285.36,BK.25X4,18,14.53,B548A42,2,11.89
EGBA14214BB,153.22,BK.25X2,14,9.25,B548A41,2,11.89
EGBA14414MM,227.23,BK.25X4,14,14.53,B548A42,2,11.89
EGBA12612NN,364.55,BK.5X6,12,26.42,B548A55,2,23.77
EGBA14612BB,285.30,BK.25X6,12,19.81,B548A52,2,23.77
EGBA14212EE2GH,261.52,BK.25X2,12,9.25,B548A41,2,11.89,A800A08,8,15.85
EGBA14412BBT2GK,388.32,BK.25X4T,12,17.17,B548A42,2,11.89,A800A08,10,15.85
EGBA14410BB,169.10,BK.25X4,10,14.53,B548A42,2,11.89
EGBA14206BB,79.25,BK.25X2,6,9.25,B548A41,2,11.89
EGBA14406MM2QC,158.52,BK.25X4,6,14.53,B548A42,2,11.89,A800A23,3,15.85
EGBA14624LL,523.06,BK.25X6,24,19.81,B548A52,2,23.77
EGBA14414CB,227.23,BK.25X4,14,14.53,B548A42,2,11.89
