EGBA142144EE,"ï¿½1,196.33",BK.25X2,144,ï¿½7.87,B548A41,6,ï¿½10.42
EGBA144144LL,"ï¿½1,843.27",BK.25X4,144,ï¿½12.37,B548A42,6,ï¿½10.42
EGBA142120EE,ï¿½996.95,BK.25X2,120,ï¿½7.87,B548A41,5,ï¿½10.42
EGBA142120JJ,ï¿½996.95,BK.25X2,120,ï¿½7.87,B548A41,5,ï¿½10.42
EGBA143120DGT,"ï¿½1,536.06",BK.25X3T,120,ï¿½12.37,B548A42,5,ï¿½10.42
EGBA144120CCT,"ï¿½1,805.62",BK.25X4T,120,ï¿½14.61,B548A42,5,ï¿½10.42
EGBA144120NN,"ï¿½1,536.06",BK.25X4,120,ï¿½12.37,B548A42,5,ï¿½10.42
EGBA384120BB,"ï¿½1,670.84",BK.375X4,120,ï¿½13.49,B548A42,5,ï¿½10.42
EGBA14296BB,ï¿½797.56,BK.25X2,96,ï¿½7.87,B548A41,4,ï¿½10.42
EGBA146120NN,"ï¿½2,127.28",BK.25X6,120,ï¿½16.86,B548A52,5,ï¿½20.84
EGBA384120CB,"ï¿½1,670.84",BK.375X4,120,ï¿½13.49,B548A42,5,ï¿½10.42
EGBA14396NN,"ï¿½1,013.20",BK.25X3,96,ï¿½10.12,B548A42,4,ï¿½10.42
EGBA14296BD,ï¿½797.56,BK.25X2,96,ï¿½7.87,B548A41,4,ï¿½10.42
EGBA14396EC,"ï¿½1,013.20",BK.25X3,96,ï¿½10.12,B548A42,4,ï¿½10.42
EGBA14296NN,ï¿½797.56,BK.25X2,96,ï¿½7.87,B548A41,4,ï¿½10.42
EGBC14296NN,ï¿½755.87,BK.25X2,96,ï¿½7.87
EGBA14496CC,"ï¿½1,228.85",BK.25X4,96,ï¿½12.37,B548A42,4,ï¿½10.42
EGBA14496EE,"ï¿½1,228.85",BK.25X4,96,ï¿½12.37,B548A42,4,ï¿½10.42
EGBA14496NN,"ï¿½1,228.85",BK.25X4,96,ï¿½12.37,B548A42,4,ï¿½10.42
EGBA14384CCT,"ï¿½1,080.45",BK.25X3T,84,ï¿½12.37,B548A42,4,ï¿½10.42
EGBD14284NN,ï¿½684.55,BK.25X2,84,ï¿½7.87,B548A74,4,ï¿½5.79
EGBA14480GG,"ï¿½1,030.99",BK.25X4,80,ï¿½12.37,B548A42,4,ï¿½10.42
EGBA14172NN,ï¿½435.60,BK.25X1,72,ï¿½5.62,B548A41,3,ï¿½10.42
EGBA14472BB,ï¿½921.64,BK.25X4,72,ï¿½12.37,B548A42,3,ï¿½10.42
EGBA14372GG,ï¿½759.90,BK.25X3,72,ï¿½10.12,B548A42,3,ï¿½10.42
EGBA14272NN,ï¿½598.17,BK.25X2,72,ï¿½7.87,B548A41,3,ï¿½10.42
EGBA14472CB,ï¿½921.64,BK.25X4,72,ï¿½12.37,B548A42,3,ï¿½10.42
EGBA14270EE,ï¿½582.42,BK.25X2,70,ï¿½7.87,B548A41,3,ï¿½10.42
EGBA14472CC,ï¿½921.64,BK.25X4,72,ï¿½12.37,B548A42,3,ï¿½10.42
EGBA12460NN,"ï¿½1,245.66",BK.5X4,60,ï¿½20.24,B548A54,3,ï¿½10.42
EGBA14260BB,ï¿½503.68,BK.25X2,60,ï¿½7.87,B548A41,3,ï¿½10.42
EGBA14260NN,ï¿½503.68,BK.25X2,60,ï¿½7.87,B548A41,3,ï¿½10.42
EGBA14260JJ,ï¿½503.68,BK.25X2,60,ï¿½7.87,B548A41,3,ï¿½10.42
EGBA14360DGT,ï¿½773.24,BK.25X3T,60,ï¿½12.37,B548A42,3,ï¿½10.42
EGBA14460CC,ï¿½773.24,BK.25X4,60,ï¿½12.37,B548A42,3,ï¿½10.42
EGBA14460CCT,ï¿½908.02,BK.25X4T,60,ï¿½14.61,B548A42,3,ï¿½10.42
EGBA14460GG,ï¿½773.24,BK.25X4,60,ï¿½12.37,B548A42,3,ï¿½10.42
EGBA14660CC,"ï¿½1,074.06",BK.25X6,60,ï¿½16.86,B548A52,3,ï¿½20.84
EGBA38460BB,ï¿½840.63,BK.375X4,60,ï¿½13.49,B548A42,3,ï¿½10.42
EGBA38460NN,ï¿½840.63,BK.375X4,60,ï¿½13.49,B548A42,3,ï¿½10.42
EGBA14256JJ,ï¿½472.19,BK.25X2,56,ï¿½7.87,B548A41,3,ï¿½10.42
EGBA14250BD,ï¿½424.95,BK.25X2,50,ï¿½7.87,B548A41,3,ï¿½10.42
EGBA14354CC,ï¿½577.74,BK.25X3,54,ï¿½10.12,B548A42,3,ï¿½10.42
EGBA12448NN,"ï¿½1,002.78",BK.5X4,48,ï¿½20.24,B548A54,3,ï¿½10.42
EGBA14450EB,ï¿½649.58,BK.25X4,50,ï¿½12.37,B548A42,3,ï¿½10.42
EGBA14248BB,ï¿½409.20,BK.25X2,48,ï¿½7.87,B548A41,3,ï¿½10.42
EGBA14148NN,ï¿½300.82,BK.25X1,48,ï¿½5.62,B548A41,3,ï¿½10.42
EGBA14248JJ,ï¿½409.20,BK.25X2,48,ï¿½7.87,B548A41,3,ï¿½10.42
EGBA14248GG,ï¿½409.20,BK.25X2,48,ï¿½7.87,B548A41,3,ï¿½10.42
EGBA14248NN,ï¿½409.20,BK.25X2,48,ï¿½7.87,B548A41,3,ï¿½10.42
EGBA14348CC,ï¿½517.02,BK.25X3,48,ï¿½10.12,B548A42,3,ï¿½10.42
EGBA14348NN,ï¿½517.02,BK.25X3,48,ï¿½10.12,B548A42,3,ï¿½10.42
EGBA14348DGT,ï¿½624.84,BK.25X3T,48,ï¿½12.37,B548A42,3,ï¿½10.42
EGBA14448AA,ï¿½624.84,BK.25X4,48,ï¿½12.37,B548A42,3,ï¿½10.42
EGBA14448BB,ï¿½624.84,BK.25X4,48,ï¿½12.37,B548A42,3,ï¿½10.42
EGBA14448CB,ï¿½624.84,BK.25X4,48,ï¿½12.37,B548A42,3,ï¿½10.42
EGBA14448CCT,ï¿½732.67,BK.25X4T,48,ï¿½14.61,B548A42,3,ï¿½10.42
EGBA14448GG,ï¿½624.84,BK.25X4,48,ï¿½12.37,B548A42,3,ï¿½10.42
EGBA14448MM,ï¿½624.84,BK.25X4,48,ï¿½12.37,B548A42,3,ï¿½10.42
EGBA14448LL,ï¿½624.84,BK.25X4,48,ï¿½12.37,B548A42,3,ï¿½10.42
EGBA14448NN,ï¿½624.84,BK.25X4,48,ï¿½12.37,B548A42,3,ï¿½10.42
EGBA14448NNT,ï¿½732.67,BK.25X4T,48,ï¿½14.61,B548A42,3,ï¿½10.42
EGBA14648BB,ï¿½871.75,BK.25X6,48,ï¿½16.86,B548A52,3,ï¿½20.84
EGBA14448RR,ï¿½624.84,BK.25X4,48,ï¿½12.37,B548A42,3,ï¿½10.42
EGBA14648NN,ï¿½871.75,BK.25X6,48,ï¿½16.86,B548A52,3,ï¿½20.84
EGBA14648CC,ï¿½871.75,BK.25X6,48,ï¿½16.86,B548A52,3,ï¿½20.84
EGBA38448BB,ï¿½678.76,BK.375X4,48,ï¿½13.49,B548A42,3,ï¿½10.42
EGBA38248EE,ï¿½435.88,BK.375X2,48,ï¿½8.43,B548A41,3,ï¿½10.42
EGBA38448CB,ï¿½678.76,BK.375X4,48,ï¿½13.49,B548A42,3,ï¿½10.42
EGBA38448CC,ï¿½678.76,BK.375X4,48,ï¿½13.49,B548A42,3,ï¿½10.42
EGBA38448GG,ï¿½678.76,BK.375X4,48,ï¿½13.49,B548A42,3,ï¿½10.42
EGBA38448LL,ï¿½678.76,BK.375X4,48,ï¿½13.49,B548A42,3,ï¿½10.42
EGBA38448NN,ï¿½678.76,BK.375X4,48,ï¿½13.49,B548A42,3,ï¿½10.42
EGBC14448NN,ï¿½593.58,BK.25X4,48,ï¿½12.37
EGBF12448CB,"ï¿½1,186.89",BK.5X4,48,ï¿½20.24,B548A54COVER,3,ï¿½13.89,PG.25x6,50,ï¿½3.47
EGBC14248NN,ï¿½377.94,BK.25X2,48,ï¿½7.87
EGBF14448CC,ï¿½808.95,BK.25X4,48,ï¿½12.37,B548A42COVER,3,ï¿½13.89,PG.25x6,50,ï¿½3.47
EGBF12448CC,"ï¿½1,186.89",BK.5X4,48,ï¿½20.24,B548A54COVER,3,ï¿½13.89,PG.25x6,50,ï¿½3.47
EGBA12842NN,"ï¿½1,242.81",BK.5X8,42,ï¿½28.10,B548A55,3,ï¿½20.84
EGBF14448CCT,ï¿½916.77,BK.25X4T,48,ï¿½14.61,B548A42COVER,3,ï¿½13.89,PG.25x6,50,ï¿½3.47
EGBA14442CB,ï¿½550.65,BK.25X4,42,ï¿½12.37,B548A42,3,ï¿½10.42
EGBA14442CC,ï¿½550.65,BK.25X4,42,ï¿½12.37,B548A42,3,ï¿½10.42
EGBA38642LL,"ï¿½1,006.95",BK.375X6,42,ï¿½22.49,B548A52,3,ï¿½20.84
EGBA14240EET,ï¿½436.06,BK.25X2T,40,ï¿½10.12,B548A41,3,ï¿½10.42
EGBA14440CC,ï¿½525.91,BK.25X4,40,ï¿½12.37,B548A42,3,ï¿½10.42
EGBB14240EE,ï¿½339.26,BK.25X2,40,ï¿½7.87,B548A62,3,ï¿½8.11
EGBF14440QQ,ï¿½682.23,BK.25X4,40,ï¿½12.37,B548A42COVER,3,ï¿½13.89,PG.25x6,42,ï¿½3.47
EGBA12436MM,ï¿½749.48,BK.5X4,36,ï¿½20.24,B548A54,2,ï¿½10.42
EGBA12636CC,ï¿½851.19,BK.5X6,36,ï¿½22.49,B548A55,2,ï¿½20.84
EGBA12636LL,ï¿½851.19,BK.5X6,36,ï¿½22.49,B548A55,2,ï¿½20.84
EGBA14236BB,ï¿½304.29,BK.25X2,36,ï¿½7.87,B548A41,2,ï¿½10.42
EGBA14236BD,ï¿½304.29,BK.25X2,36,ï¿½7.87,B548A41,2,ï¿½10.42
EGBA14236DD,ï¿½304.29,BK.25X2,36,ï¿½7.87,B548A41,2,ï¿½10.42
EGBA14236EE,ï¿½304.29,BK.25X2,36,ï¿½7.87,B548A41,2,ï¿½10.42
EGBA14236GG,ï¿½304.29,BK.25X2,36,ï¿½7.87,B548A41,2,ï¿½10.42
EGBA14236NN,ï¿½304.29,BK.25X2,36,ï¿½7.87,B548A41,2,ï¿½10.42
EGBA14236NNT,ï¿½385.16,BK.25X2T,36,ï¿½10.12,B548A41,2,ï¿½10.42
EGBA14336BBT,ï¿½466.03,BK.25X3T,36,ï¿½12.37,B548A42,2,ï¿½10.42
EGBA14336BB,ï¿½385.16,BK.25X3,36,ï¿½10.12,B548A42,2,ï¿½10.42
EGBA14336CC,ï¿½385.16,BK.25X3,36,ï¿½10.12,B548A42,2,ï¿½10.42
EGBA14336DGT,ï¿½466.03,BK.25X3T,36,ï¿½12.37,B548A42,2,ï¿½10.42
EGBA14436AA,ï¿½466.03,BK.25X4,36,ï¿½12.37,B548A42,2,ï¿½10.42
EGBA14336NN,ï¿½385.16,BK.25X3,36,ï¿½10.12,B548A42,2,ï¿½10.42
EGBA14436AAT,ï¿½546.90,BK.25X4T,36,ï¿½14.61,B548A42,2,ï¿½10.42
EGBA14436CB,ï¿½466.03,BK.25X4,36,ï¿½12.37,B548A42,2,ï¿½10.42
EGBA14436CC,ï¿½466.03,BK.25X4,36,ï¿½12.37,B548A42,2,ï¿½10.42
EGBA14436CCT,ï¿½546.90,BK.25X4T,36,ï¿½14.61,B548A42,2,ï¿½10.42
EGBA14436EE,ï¿½466.03,BK.25X4,36,ï¿½12.37,B548A42,2,ï¿½10.42
EGBA14436DD,ï¿½466.03,BK.25X4,36,ï¿½12.37,B548A42,2,ï¿½10.42
EGBA14436GG,ï¿½466.03,BK.25X4,36,ï¿½12.37,B548A42,2,ï¿½10.42
EGBA14436JJ,ï¿½466.03,BK.25X4,36,ï¿½12.37,B548A42,2,ï¿½10.42
EGBA14436LL,ï¿½466.03,BK.25X4,36,ï¿½12.37,B548A42,2,ï¿½10.42
EGBA14436LLT,ï¿½546.90,BK.25X4T,36,ï¿½14.61,B548A42,2,ï¿½10.42
EGBA14436MM,ï¿½466.03,BK.25X4,36,ï¿½12.37,B548A42,2,ï¿½10.42
EGBA14436NN,ï¿½466.03,BK.25X4,36,ï¿½12.37,B548A42,2,ï¿½10.42
EGBA14436QQT,ï¿½546.90,BK.25X4T,36,ï¿½14.61,B548A42,2,ï¿½10.42
EGBA14436QQ,ï¿½466.03,BK.25X4,36,ï¿½12.37,B548A42,2,ï¿½10.42
EGBA14436RR,ï¿½466.03,BK.25X4,36,ï¿½12.37,B548A42,2,ï¿½10.42
EGBA14636BB,ï¿½648.60,BK.25X6,36,ï¿½16.86,B548A52,2,ï¿½20.84
EGBA14636CC,ï¿½648.60,BK.25X6,36,ï¿½16.86,B548A52,2,ï¿½20.84
EGBA14636LL,ï¿½648.60,BK.25X6,36,ï¿½16.86,B548A52,2,ï¿½20.84
EGBA14636NN,ï¿½648.60,BK.25X6,36,ï¿½16.86,B548A52,2,ï¿½20.84
EGBA14636QQ,ï¿½648.60,BK.25X6,36,ï¿½16.86,B548A52,2,ï¿½20.84
EGBA14636RR,ï¿½648.60,BK.25X6,36,ï¿½16.86,B548A52,2,ï¿½20.84
EGBA14836CC,ï¿½729.47,BK.25X8,36,ï¿½19.11,B548A52,2,ï¿½20.84
EGBA14836NN,ï¿½729.47,BK.25X8,36,ï¿½19.11,B548A52,2,ï¿½20.84
EGBA14836RR,ï¿½729.47,BK.25X8,36,ï¿½19.11,B548A52,2,ï¿½20.84
EGBA38236GG,ï¿½324.30,BK.375X2,36,ï¿½8.43,B548A41,2,ï¿½10.42
EGBA38436EE,ï¿½506.46,BK.375X4,36,ï¿½13.49,B548A42,2,ï¿½10.42
EGBA38636JJ,ï¿½851.19,BK.375X6,36,ï¿½22.49,B548A52,2,ï¿½20.84
EGBC14236NN,ï¿½283.45,BK.25X2,36,ï¿½7.87
EGBF12436CB,ï¿½888.43,BK.5X4,36,ï¿½20.24,B548A54COVER,2,ï¿½13.89,PG.25x6,38,ï¿½3.47
EGBD14336CC2QK,ï¿½514.85,BK.25X3,36,ï¿½10.12,B548A74,2,ï¿½5.79,A800A23,10,ï¿½13.89
EGBF12436LL,ï¿½888.43,BK.5X4,36,ï¿½20.24,B548A54COVER,2,ï¿½13.89,PG.25x6,38,ï¿½3.47
EGBF14436CC,ï¿½604.98,BK.25X4,36,ï¿½12.37,B548A42COVER,2,ï¿½13.89,PG.25x6,38,ï¿½3.47
EGBA14434DD,ï¿½441.30,BK.25X4,34,ï¿½12.37,B548A42,2,ï¿½10.42
EGBA14434CC,ï¿½441.30,BK.25X4,34,ï¿½12.37,B548A42,2,ï¿½10.42
EGBA14433DBT,ï¿½503.06,BK.25X4T,33,ï¿½14.61,B548A42,2,ï¿½10.42
EGBB14433DBT,ï¿½498.43,BK.25X4T,33,ï¿½14.61,B548A63,2,ï¿½8.11
EGBA14432CC,ï¿½416.56,BK.25X4,32,ï¿½12.37,B548A42,2,ï¿½10.42
EGBA14432BB,ï¿½416.56,BK.25X4,32,ï¿½12.37,B548A42,2,ï¿½10.42
EGBA14432GG,ï¿½416.56,BK.25X4,32,ï¿½12.37,B548A42,2,ï¿½10.42
EGBA14230BB,ï¿½257.05,BK.25X2,30,ï¿½7.87,B548A41,2,ï¿½10.42
EGBA14230EE,ï¿½257.05,BK.25X2,30,ï¿½7.87,B548A41,2,ï¿½10.42
EGBA14230EET,ï¿½324.44,BK.25X2T,30,ï¿½10.12,B548A41,2,ï¿½10.42
EGBA14230HH,ï¿½257.05,BK.25X2,30,ï¿½7.87,B548A41,2,ï¿½10.42
EGBA14330CC,ï¿½324.44,BK.25X3,30,ï¿½10.12,B548A42,2,ï¿½10.42
EGBA14430BB,ï¿½391.83,BK.25X4,30,ï¿½12.37,B548A42,2,ï¿½10.42
EGBA14430CC,ï¿½391.83,BK.25X4,30,ï¿½12.37,B548A42,2,ï¿½10.42
EGBA14430CCT,ï¿½459.22,BK.25X4T,30,ï¿½14.61,B548A42,2,ï¿½10.42
EGBA14430LL,ï¿½391.83,BK.25X4,30,ï¿½12.37,B548A42,2,ï¿½10.42
EGBA14430NN,ï¿½391.83,BK.25X4,30,ï¿½12.37,B548A42,2,ï¿½10.42
EGBA14630NN,ï¿½547.45,BK.25X6,30,ï¿½16.86,B548A52,2,ï¿½20.84
EGBA14630RR,ï¿½547.45,BK.25X6,30,ï¿½16.86,B548A52,2,ï¿½20.84
EGBA14830CC,ï¿½614.84,BK.25X8,30,ï¿½19.11,B548A52,2,ï¿½20.84
EGBA38430CC,ï¿½425.53,BK.375X4,30,ï¿½13.49,B548A42,2,ï¿½10.42
EGBA38430NN,ï¿½425.53,BK.375X4,30,ï¿½13.49,B548A42,2,ï¿½10.42
EGBA38630LL,ï¿½716.27,BK.375X6,30,ï¿½22.49,B548A52,2,ï¿½20.84
EGBB14230EET,ï¿½319.81,BK.25X2T,30,ï¿½10.12,B548A62,2,ï¿½8.11
EGBC12230NN,ï¿½539.46,BK.5X2,30,ï¿½17.98
EGBB14330CB,ï¿½319.81,BK.25X3,30,ï¿½10.12,B548A63,2,ï¿½8.11
EGBA14428BDT,ï¿½429.99,BK.25X4T,28,ï¿½14.61,B548A42,2,ï¿½10.42
EGBA14428CC,ï¿½367.10,BK.25X4,28,ï¿½12.37,B548A42,2,ï¿½10.42
EGBC14428CC,ï¿½346.26,BK.25X4,28,ï¿½12.37
EGBA14428NN,ï¿½367.10,BK.25X4,28,ï¿½12.37,B548A42,2,ï¿½10.42
EGBF12426CB,ï¿½651.29,BK.5X4,26,ï¿½20.24,B548A54COVER,2,ï¿½13.89,PG.25x6,28,ï¿½3.47
EGBA12224BB,ï¿½452.41,BK.5X2,24,ï¿½17.98,B548A53,2,ï¿½10.42
EGBA12424CC,ï¿½506.60,BK.5X4,24,ï¿½20.24,B548A54,2,ï¿½10.42
EGBA12224NN,ï¿½452.41,BK.5X2,24,ï¿½17.98,B548A53,2,ï¿½10.42
EGBA12424NN,ï¿½506.60,BK.5X4,24,ï¿½20.24,B548A54,2,ï¿½10.42
EGBA12624CC,ï¿½581.35,BK.5X6,24,ï¿½22.49,B548A55,2,ï¿½20.84
EGBA12624RR,ï¿½581.35,BK.5X6,24,ï¿½22.49,B548A55,2,ï¿½20.84
EGBA14436BB,ï¿½466.03,BK.25X4,36,ï¿½12.37,B548A42,2,ï¿½10.42
EGBA12824NN,ï¿½716.13,BK.5X8,24,ï¿½28.10,B548A55,2,ï¿½20.84
EGBA14448CC,ï¿½624.84,BK.25X4,48,ï¿½12.37,B548A42,3,ï¿½10.42
EGBA12624NN,ï¿½581.35,BK.5X6,24,ï¿½22.49,B548A55,2,ï¿½20.84
EGBA14124NN,ï¿½155.62,BK.25X1,24,ï¿½5.62,B548A41,2,ï¿½10.42
EGBA14224BB,ï¿½209.81,BK.25X2,24,ï¿½7.87,B548A41,2,ï¿½10.42
EGBA14224BE,ï¿½209.81,BK.25X2,24,ï¿½7.87,B548A41,2,ï¿½10.42
EGBA14224BBT,ï¿½263.72,BK.25X2T,24,ï¿½10.12,B548A41,2,ï¿½10.42
EGBA14224EE,ï¿½209.81,BK.25X2,24,ï¿½7.87,B548A41,2,ï¿½10.42
EGBA14224DD,ï¿½209.81,BK.25X2,24,ï¿½7.87,B548A41,2,ï¿½10.42
EGBA14224EET,ï¿½263.72,BK.25X2T,24,ï¿½10.12,B548A41,2,ï¿½10.42
EGBA14224GE,ï¿½209.81,BK.25X2,24,ï¿½7.87,B548A41,2,ï¿½10.42
EGBA14224GG,ï¿½209.81,BK.25X2,24,ï¿½7.87,B548A41,2,ï¿½10.42
EGBA14224HH,ï¿½209.81,BK.25X2,24,ï¿½7.87,B548A41,2,ï¿½10.42
EGBA14224GGT,ï¿½263.72,BK.25X2T,24,ï¿½10.12,B548A41,2,ï¿½10.42
EGBA14224JJ,ï¿½209.81,BK.25X2,24,ï¿½7.87,B548A41,2,ï¿½10.42
EGBA14224NN,ï¿½209.81,BK.25X2,24,ï¿½7.87,B548A41,2,ï¿½10.42
EGBA14324BB,ï¿½263.72,BK.25X3,24,ï¿½10.12,B548A42,2,ï¿½10.42
EGBA14324CC,ï¿½263.72,BK.25X3,24,ï¿½10.12,B548A42,2,ï¿½10.42
EGBA14324BBT,ï¿½317.63,BK.25X3T,24,ï¿½12.37,B548A42,2,ï¿½10.42
EGBA14324CF,ï¿½263.72,BK.25X3,24,ï¿½10.12,B548A42,2,ï¿½10.42
EGBA14324DGT,ï¿½317.63,BK.25X3T,24,ï¿½12.37,B548A42,2,ï¿½10.42
EGBA14324EC,ï¿½263.72,BK.25X3,24,ï¿½10.12,B548A42,2,ï¿½10.42
EGBA14324LL,ï¿½263.72,BK.25X3,24,ï¿½10.12,B548A42,2,ï¿½10.42
EGBA14324GG,ï¿½263.72,BK.25X3,24,ï¿½10.12,B548A42,2,ï¿½10.42
EGBA14324LLT,ï¿½317.63,BK.25X3T,24,ï¿½12.37,B548A42,2,ï¿½10.42
EGBA14324NN,ï¿½263.72,BK.25X3,24,ï¿½10.12,B548A42,2,ï¿½10.42
EGBA14424AAT,€371.54,BK.25X4T,24,€14.61,B548A42,2,€10.42
EGBA14424AA,€317.63,BK.25X4,24,€12.37,B548A42,2,€10.42
EGBA14424BB,€317.63,BK.25X4,24,€12.37,B548A42,2,€10.42
EGBA14424BC,€317.63,BK.25X4,24,€12.37,B548A42,2,€10.42
EGBA14424BBT,€371.54,BK.25X4T,24,€14.61,B548A42,2,€10.42
EGBA14424BD,€317.63,BK.25X4,24,€12.37,B548A42,2,€10.42
EGBA14424DD,€317.63,BK.25X4,24,€12.37,B548A42,2,€10.42
EGBA14324AA,€263.72,BK.25X3,24,€10.12,B548A42,2,€10.42
EGBA14324CCT,€317.63,BK.25X3T,24,€12.37,B548A42,2,€10.42
EGBA14424CCT,€371.54,BK.25X4T,24,€14.61,B548A42,2,€10.42
EGBA14424CA,€317.63,BK.25X4,24,€12.37,B548A42,2,€10.42
EGBA14424BFT,€371.54,BK.25X4T,24,€14.61,B548A42,2,€10.42
EGBA14424CBT,€371.54,BK.25X4T,24,€14.61,B548A42,2,€10.42
EGBA14424CB,€317.63,BK.25X4,24,€12.37,B548A42,2,€10.42
EGBA14424GG,€317.63,BK.25X4,24,€12.37,B548A42,2,€10.42
EGBA14424JJ,€317.63,BK.25X4,24,€12.37,B548A42,2,€10.42
EGBA14424EE,€317.63,BK.25X4,24,€12.37,B548A42,2,€10.42
EGBA14424LLT,€371.54,BK.25X4T,24,€14.61,B548A42,2,€10.42
EGBA14424GGT,€371.54,BK.25X4T,24,€14.61,B548A42,2,€10.42
EGBA14424JJT,€371.54,BK.25X4T,24,€14.61,B548A42,2,€10.42
EGBA14424KK,€317.63,BK.25X4,24,€12.37,B548A42,2,€10.42
EGBA14424DDT,€371.54,BK.25X4T,24,€14.61,B548A42,2,€10.42
EGBA14424MM,€317.63,BK.25X4,24,€12.37,B548A42,2,€10.42
EGBA14424QQ,€317.63,BK.25X4,24,€12.37,B548A42,2,€10.42
EGBA14424NN,€317.63,BK.25X4,24,€12.37,B548A42,2,€10.42
EGBA14424RRT,€371.54,BK.25X4T,24,€14.61,B548A42,2,€10.42
EGBA14424RR,€317.63,BK.25X4,24,€12.37,B548A42,2,€10.42
EGBA14424QQT,€371.54,BK.25X4T,24,€14.61,B548A42,2,€10.42
EGBA14424MMT,€371.54,BK.25X4T,24,€14.61,B548A42,2,€10.42
EGBA14424NNT,€371.54,BK.25X4T,24,€14.61,B548A42,2,€10.42
EGBA14824DG,€500.21,BK.25X8,24,€19.11,B548A52,2,€20.84
EGBA14824LL,€500.21,BK.25X8,24,€19.11,B548A52,2,€20.84
EGBA14824MM,€500.21,BK.25X8,24,€19.11,B548A52,2,€20.84
EGBA38424DD,€344.59,BK.375X4,24,€13.49,B548A42,2,€10.42
EGBA38624CC,€581.35,BK.375X6,24,€22.49,B548A52,2,€20.84
EGBA14824NN,€500.21,BK.25X8,24,€19.11,B548A52,2,€20.84
EGBA38424CC,€344.59,BK.375X4,24,€13.49,B548A42,2,€10.42
EGBA38424BB,€344.59,BK.375X4,24,€13.49,B548A42,2,€10.42
EGBA38624LL,€581.35,BK.375X6,24,€22.49,B548A52,2,€20.84
EGBB14424CC,€313.00,BK.25X4,24,€12.37,B548A63,2,€8.11
EGBB14324CB,€259.09,BK.25X3,24,€10.12,B548A63,2,€8.11
EGBB14424EE,€313.00,BK.25X4,24,€12.37,B548A63,2,€8.11
EGBB14424JE,€313.00,BK.25X4,24,€12.37,B548A63,2,€8.11
EGBB38324NN,€279.38,BK.375X3,24,€10.97,B548A63,2,€8.11
EGBC14124NN,€134.78,BK.25X1,24,€5.62
EGBC14224NN,€188.97,BK.25X2,24,€7.87
EGBC14424NN,€296.79,BK.25X4,24,€12.37
EGBF12424CB,€603.86,BK.5X4,24,€20.24,B548A54COVER,2,€13.89,PG.25x6,26,€3.47
EGBD14224BB,€200.55,BK.25X2,24,€7.87,B548A74,2,€5.79
EGBF12424CC,€603.86,BK.5X4,24,€20.24,B548A54COVER,2,€13.89,PG.25x6,26,€3.47
EGBF14424CC,€414.90,BK.25X4,24,€12.37,B548A42COVER,2,€13.89,PG.25x6,26,€3.47
EGBF14424LL,€414.90,BK.25X4,24,€12.37,B548A42COVER,2,€13.89,PG.25x6,26,€3.47
EGBF14424GG,€414.90,BK.25X4,24,€12.37,B548A42COVER,2,€13.89,PG.25x6,26,€3.47
EGBF14424RR,€414.90,BK.25X4,24,€12.37,B548A42COVER,2,€13.89,PG.25x6,26,€3.47
EGBA14422BD,€292.90,BK.25X4,22,€12.37,B548A42,2,€10.42
EGBA14222EET,€243.48,BK.25X2T,22,€10.12,B548A41,2,€10.42
EGBA14421RR,€280.53,BK.25X4,21,€12.37,B548A42,2,€10.42
EGBA12420NN,€425.64,BK.5X4,20,€20.24,B548A54,2,€10.42
EGBA14220BB,€178.32,BK.25X2,20,€7.87,B548A41,2,€10.42
EGBA14220DGT,€223.24,BK.25X2T,20,€10.12,B548A41,2,€10.42
EGBA14220EE,€178.32,BK.25X2,20,€7.87,B548A41,2,€10.42
EGBA14220BE,€178.32,BK.25X2,20,€7.87,B548A41,2,€10.42
EGBA14220HH,€178.32,BK.25X2,20,€7.87,B548A41,2,€10.42
EGBA14220JJ,€178.32,BK.25X2,20,€7.87,B548A41,2,€10.42
EGBA14220NN,€178.32,BK.25X2,20,€7.87,B548A41,2,€10.42
EGBA14320BB,€223.24,BK.25X3,20,€10.12,B548A42,2,€10.42
EGBA14320CC,€223.24,BK.25X3,20,€10.12,B548A42,2,€10.42
EGBA14420DG1TE,€337.64,BK.25X4,20,€12.37,B548A42,2,€10.42,A809A07T,5,€13.89
EGBA14420AA,€268.17,BK.25X4,20,€12.37,B548A42,2,€10.42
EGBA14420LLT2GT,€674.36,BK.25X4T,20,€14.61,B548A42,2,€10.42,A800A08,26,€13.89
EGBA14420BB,€268.17,BK.25X4,20,€12.37,B548A42,2,€10.42
EGBA14420CBT,€313.09,BK.25X4T,20,€14.61,B548A42,2,€10.42
EGBA14420CB,€268.17,BK.25X4,20,€12.37,B548A42,2,€10.42
EGBA14420CC,€268.17,BK.25X4,20,€12.37,B548A42,2,€10.42
EGBA14420CCT,€313.09,BK.25X4T,20,€14.61,B548A42,2,€10.42
EGBA14420GG,€268.17,BK.25X4,20,€12.37,B548A42,2,€10.42
EGBA14420LL,€268.17,BK.25X4,20,€12.37,B548A42,2,€10.42
EGBA14420HH,€268.17,BK.25X4,20,€12.37,B548A42,2,€10.42
EGBA14420LLT,€313.09,BK.25X4T,20,€14.61,B548A42,2,€10.42
EGBA14420NN,€268.17,BK.25X4,20,€12.37,B548A42,2,€10.42
EGBA14420MM,€268.17,BK.25X4,20,€12.37,B548A42,2,€10.42
EGBA14420QQT,€313.09,BK.25X4T,20,€14.61,B548A42,2,€10.42
EGBA14420QQ,€268.17,BK.25X4,20,€12.37,B548A42,2,€10.42
EGBA14420RR,€268.17,BK.25X4,20,€12.37,B548A42,2,€10.42
EGBA38420CC,€290.63,BK.375X4,20,€13.49,B548A42,2,€10.42
EGBA38320BF,€240.15,BK.375X3,20,€10.97,B548A42,2,€10.42
EGBB14420CC,€263.54,BK.25X4,20,€12.37,B548A63,2,€8.11
EGBF14420CC,€351.54,BK.25X4,20,€12.37,B548A42COVER,2,€13.89,PG.25x6,22,€3.47
EGBF14420LLT,€396.46,BK.25X4T,20,€14.61,B548A42COVER,2,€13.89,PG.25x6,22,€3.47
EGBA12418EE,€385.16,BK.5X4,18,€20.24,B548A54,2,€10.42
EGBF14420LL,€351.54,BK.25X4,20,€12.37,B548A42COVER,2,€13.89,PG.25x6,22,€3.47
EGBA12418MM,€385.16,BK.5X4,18,€20.24,B548A54,2,€10.42
EGBA12418NN,€385.16,BK.5X4,18,€20.24,B548A54,2,€10.42
EGBA14118NN,€121.93,BK.25X1,18,€5.62,B548A41,2,€10.42
EGBA14218BB,€162.57,BK.25X2,18,€7.87,B548A41,2,€10.42
EGBA14218EE,€162.57,BK.25X2,18,€7.87,B548A41,2,€10.42
EGBA14218GG,€162.57,BK.25X2,18,€7.87,B548A41,2,€10.42
EGBA14218HH,€162.57,BK.25X2,18,€7.87,B548A41,2,€10.42
EGBA14218HHT,€203.00,BK.25X2T,18,€10.12,B548A41,2,€10.42
EGBA14218NN,€162.57,BK.25X2,18,€7.87,B548A41,2,€10.42
EGBA14318DD,€203.00,BK.25X3,18,€10.12,B548A42,2,€10.42
EGBA14318NN,€203.00,BK.25X3,18,€10.12,B548A42,2,€10.42
EGBA14318GG,€203.00,BK.25X3,18,€10.12,B548A42,2,€10.42
EGBA14418AA,€243.44,BK.25X4,18,€12.37,B548A42,2,€10.42
EGBA14418BC,€243.44,BK.25X4,18,€12.37,B548A42,2,€10.42
EGBA14418BB,€243.44,BK.25X4,18,€12.37,B548A42,2,€10.42
EGBA14418BD,€243.44,BK.25X4,18,€12.37,B548A42,2,€10.42
EGBA14418CC,€243.44,BK.25X4,18,€12.37,B548A42,2,€10.42
EGBA14418DD,€243.44,BK.25X4,18,€12.37,B548A42,2,€10.42
EGBA14418CCT,€283.87,BK.25X4T,18,€14.61,B548A42,2,€10.42
EGBA14418EE,€243.44,BK.25X4,18,€12.37,B548A42,2,€10.42
EGBA14418JJ,€243.44,BK.25X4,18,€12.37,B548A42,2,€10.42
EGBA14418GG,€243.44,BK.25X4,18,€12.37,B548A42,2,€10.42
EGBA14418LL,€243.44,BK.25X4,18,€12.37,B548A42,2,€10.42
EGBA14418LLT,€283.87,BK.25X4T,18,€14.61,B548A42,2,€10.42
EGBA14418MM,€243.44,BK.25X4,18,€12.37,B548A42,2,€10.42
EGBA38418BB,€263.65,BK.375X4,18,€13.49,B548A42,2,€10.42
EGBA14418NN,€243.44,BK.25X4,18,€12.37,B548A42,2,€10.42
EGBA38418DB,€263.65,BK.375X4,18,€13.49,B548A42,2,€10.42
EGBB14418BB,€238.80,BK.25X4,18,€12.37,B548A63,2,€8.11
EGBB14318CB,€198.37,BK.25X3,18,€10.12,B548A63,2,€8.11
EGBA38418NN,€263.65,BK.375X4,18,€13.49,B548A42,2,€10.42
EGBC14118HH,€101.08,BK.25X1,18,€5.62
EGBC14218EET,€182.16,BK.25X2T,18,€10.12
EGBF14418CCT,€360.29,BK.25X4T,18,€14.61,B548A42COVER,2,€13.89,PG.25x6,20,€3.47
EGBF14418CC,€319.86,BK.25X4,18,€12.37,B548A42COVER,2,€13.89,PG.25x6,20,€3.47
EGBA12416AA,€344.68,BK.5X4,16,€20.24,B548A54,2,€10.42
EGBF14418LL,€319.86,BK.25X4,18,€12.37,B548A42COVER,2,€13.89,PG.25x6,20,€3.47
EGBA12416BD,€344.68,BK.5X4,16,€20.24,B548A54,2,€10.42
EGBA12416CA,€344.68,BK.5X4,16,€20.24,B548A54,2,€10.42
EGBA14116HH,€110.69,BK.25X1,16,€5.62,B548A41,2,€10.42
EGBA14216EE,€146.82,BK.25X2,16,€7.87,B548A41,2,€10.42
EGBA14216BB,€146.82,BK.25X2,16,€7.87,B548A41,2,€10.42
EGBA14216GG,€146.82,BK.25X2,16,€7.87,B548A41,2,€10.42
EGBA14216HH,€146.82,BK.25X2,16,€7.87,B548A41,2,€10.42
EGBA14216NN,€146.82,BK.25X2,16,€7.87,B548A41,2,€10.42
EGBA14216NNT,€182.76,BK.25X2T,16,€10.12,B548A41,2,€10.42
EGBA14316CC,€182.76,BK.25X3,16,€10.12,B548A42,2,€10.42
EGBA14416AA,€218.70,BK.25X4,16,€12.37,B548A42,2,€10.42
EGBA14416AAT,€254.64,BK.25X4T,16,€14.61,B548A42,2,€10.42
EGBA14416BB,€218.70,BK.25X4,16,€12.37,B548A42,2,€10.42
EGBA14416CA,€218.70,BK.25X4,16,€12.37,B548A42,2,€10.42
EGBA14416CC,€218.70,BK.25X4,16,€12.37,B548A42,2,€10.42
EGBA14416CF,€218.70,BK.25X4,16,€12.37,B548A42,2,€10.42
EGBA14416CCT,€254.64,BK.25X4T,16,€14.61,B548A42,2,€10.42
EGBA14416LL,€218.70,BK.25X4,16,€12.37,B548A42,2,€10.42
EGBA14416LLT,€254.64,BK.25X4T,16,€14.61,B548A42,2,€10.42
EGBA14416NN,€218.70,BK.25X4,16,€12.37,B548A42,2,€10.42
EGBA14416NNT,€254.64,BK.25X4T,16,€14.61,B548A42,2,€10.42
EGBA38416GG,€236.67,BK.375X4,16,€13.49,B548A42,2,€10.42
EGBC14316LL,€161.92,BK.25X3,16,€10.12
EGBC14416AA,€197.86,BK.25X4,16,€12.37
EGBC14416CAT,€233.80,BK.25X4T,16,€14.61
EGBD14416JET,€245.38,BK.25X4T,16,€14.61,B548A74,2,€5.79
EGBF14416LL,€288.18,BK.25X4,16,€12.37,B548A42COVER,2,€13.89,PG.25x6,18,€3.47
EGBF14416LLT,€324.12,BK.25X4T,16,€14.61,B548A42COVER,2,€13.89,PG.25x6,18,€3.47
EGBA14215EET,€172.64,BK.25X2T,15,€10.12,B548A41,2,€10.42
EGBA14215BDT,€172.64,BK.25X2T,15,€10.12,B548A41,2,€10.42
EGBA14215GG,€138.95,BK.25X2,15,€7.87,B548A41,2,€10.42
EGBA14215JJ,€138.95,BK.25X2,15,€7.87,B548A41,2,€10.42
EGBA14415CC,€206.34,BK.25X4,15,€12.37,B548A42,2,€10.42
EGBA14215NN,€138.95,BK.25X2,15,€7.87,B548A41,2,€10.42
EGBA14215JJT,€172.64,BK.25X2T,15,€10.12,B548A41,2,€10.42
EGBA14415CCT,€240.03,BK.25X4T,15,€14.61,B548A42,2,€10.42
EGBA14415LL,€206.34,BK.25X4,15,€12.37,B548A42,2,€10.42
EGBA14415GG,€206.34,BK.25X4,15,€12.37,B548A42,2,€10.42
EGBC14215NN,€118.10,BK.25X2,15,€7.87
EGBA12414BB,€304.20,BK.5X4,14,€20.24,B548A54,2,€10.42
EGBA14214BB,€131.07,BK.25X2,14,€7.87,B548A41,2,€10.42
EGBA14214BDT,€162.52,BK.25X2T,14,€10.12,B548A41,2,€10.42
EGBA14214EE,€131.07,BK.25X2,14,€7.87,B548A41,2,€10.42
EGBA14214GCT,€162.52,BK.25X2T,14,€10.12,B548A41,2,€10.42
EGBA14214HH,€131.07,BK.25X2,14,€7.87,B548A41,2,€10.42
EGBA14214NN,€131.07,BK.25X2,14,€7.87,B548A41,2,€10.42
EGBA14414AA,€193.97,BK.25X4,14,€12.37,B548A42,2,€10.42
EGBA14414BB,€193.97,BK.25X4,14,€12.37,B548A42,2,€10.42
EGBA14414BF,€193.97,BK.25X4,14,€12.37,B548A42,2,€10.42
EGBA14414CB,€193.97,BK.25X4,14,€12.37,B548A42,2,€10.42
EGBA14414CC,€193.97,BK.25X4,14,€12.37,B548A42,2,€10.42
EGBA14414GG,€193.97,BK.25X4,14,€12.37,B548A42,2,€10.42
EGBA14414EE,€193.97,BK.25X4,14,€12.37,B548A42,2,€10.42
EGBA14414KK,€193.97,BK.25X4,14,€12.37,B548A42,2,€10.42
EGBA14414LL,€193.97,BK.25X4,14,€12.37,B548A42,2,€10.42
EGBA14414MM,€193.97,BK.25X4,14,€12.37,B548A42,2,€10.42
EGBA14414RR,€193.97,BK.25X4,14,€12.37,B548A42,2,€10.42
EGBA14414NN,€193.97,BK.25X4,14,€12.37,B548A42,2,€10.42
EGBB14214NN,€126.44,BK.25X2,14,€7.87,B548A62,2,€8.11
EGBB14414CC,€189.34,BK.25X4,14,€12.37,B548A63,2,€8.11
EGBA14213NN,€123.20,BK.25X2,13,€7.87,B548A41,2,€10.42
EGBB14313GGT,€176.97,BK.25X3T,13,€12.37,B548A63,2,€8.11
EGBC14213EB,€102.36,BK.25X2,13,€7.87
EGBA12412AA,€263.72,BK.5X4,12,€20.24,B548A54,2,€10.42
EGBA12212NN,€236.63,BK.5X2,12,€17.98,B548A53,2,€10.42
EGBA12412CC,€263.72,BK.5X4,12,€20.24,B548A54,2,€10.42
EGBA12412NN,€263.72,BK.5X4,12,€20.24,B548A54,2,€10.42
EGBA12412GG,€263.72,BK.5X4,12,€20.24,B548A54,2,€10.42
EGBA12612LL,€311.52,BK.5X6,12,€22.49,B548A55,2,€20.84
EGBA12612NN,€311.52,BK.5X6,12,€22.49,B548A55,2,€20.84
EGBA14112EE,€88.23,BK.25X1,12,€5.62,B548A41,2,€10.42
EGBA14112HH,€88.23,BK.25X1,12,€5.62,B548A41,2,€10.42
EGBA14112NN,€88.23,BK.25X1,12,€5.62,B548A41,2,€10.42
EGBA14212EE2GH,€226.48,BK.25X2,12,€7.87,B548A41,2,€10.42,A800A08,8,€13.89
EGBA14212BB,€115.33,BK.25X2,12,€7.87,B548A41,2,€10.42
EGBA14212BBT,€142.28,BK.25X2T,12,€10.12,B548A41,2,€10.42
EGBA14212BD,€115.33,BK.25X2,12,€7.87,B548A41,2,€10.42
EGBA14212DD,€115.33,BK.25X2,12,€7.87,B548A41,2,€10.42
EGBA14212DDT,€142.28,BK.25X2T,12,€10.12,B548A41,2,€10.42
EGBA14212ECT,€142.28,BK.25X2T,12,€10.12,B548A41,2,€10.42
EGBA14212EB,€115.33,BK.25X2,12,€7.87,B548A41,2,€10.42
EGBA14212EE,€115.33,BK.25X2,12,€7.87,B548A41,2,€10.42
EGBA14212EET,€142.28,BK.25X2T,12,€10.12,B548A41,2,€10.42
EGBA14212GG,€115.33,BK.25X2,12,€7.87,B548A41,2,€10.42
EGBA14212HH,€115.33,BK.25X2,12,€7.87,B548A41,2,€10.42
EGBA14212JJ,€115.33,BK.25X2,12,€7.87,B548A41,2,€10.42
EGBA14212HHT,€142.28,BK.25X2T,12,€10.12,B548A41,2,€10.42
EGBA14212JJT,€142.28,BK.25X2T,12,€10.12,B548A41,2,€10.42
EGBA14212NN,€115.33,BK.25X2,12,€7.87,B548A41,2,€10.42
EGBA14212NNT,€142.28,BK.25X2T,12,€10.12,B548A41,2,€10.42
EGBA14312LL2QA,€156.18,BK.25X3,12,€10.12,B548A42,2,€10.42,A800A23,1,€13.89
EGBA14312BB,€142.28,BK.25X3,12,€10.12,B548A42,2,€10.42
EGBA14312BBT,€169.24,BK.25X3T,12,€12.37,B548A42,2,€10.42
EGBA14312EE,€142.28,BK.25X3,12,€10.12,B548A42,2,€10.42
EGBA14312CC,€142.28,BK.25X3,12,€10.12,B548A42,2,€10.42
EGBA14312GG,€142.28,BK.25X3,12,€10.12,B548A42,2,€10.42
EGBA14312HH,€142.28,BK.25X3,12,€10.12,B548A42,2,€10.42
EGBA14312MM,€142.28,BK.25X3,12,€10.12,B548A42,2,€10.42
EGBA14312LL,€142.28,BK.25X3,12,€10.12,B548A42,2,€10.42
EGBA14312MMT,€169.24,BK.25X3T,12,€12.37,B548A42,2,€10.42
EGBA14312NN,€142.28,BK.25X3,12,€10.12,B548A42,2,€10.42
EGBA14412AA1TD,€224.82,BK.25X4,12,€12.37,B548A42,2,€10.42,A809A07T,4,€13.89
EGBA14412BBT2GK,€335.14,BK.25X4T,12,€14.61,B548A42,2,€10.42,A800A08,10,€13.89
EGBA14412AA,€169.24,BK.25X4,12,€12.37,B548A42,2,€10.42
EGBA14412AAT,€196.19,BK.25X4T,12,€14.61,B548A42,2,€10.42
EGBA14412BB,€169.24,BK.25X4,12,€12.37,B548A42,2,€10.42
EGBA14412BBT,€196.19,BK.25X4T,12,€14.61,B548A42,2,€10.42
EGBA14412CB,€169.24,BK.25X4,12,€12.37,B548A42,2,€10.42
EGBA14412BD,€169.24,BK.25X4,12,€12.37,B548A42,2,€10.42
EGBA14412BE,€169.24,BK.25X4,12,€12.37,B548A42,2,€10.42
EGBA14412CBT,€196.19,BK.25X4T,12,€14.61,B548A42,2,€10.42
EGBA14412CC,€169.24,BK.25X4,12,€12.37,B548A42,2,€10.42
EGBA14412CCT,€196.19,BK.25X4T,12,€14.61,B548A42,2,€10.42
EGBA14412CF,€169.24,BK.25X4,12,€12.37,B548A42,2,€10.42
EGBA14412DD,€169.24,BK.25X4,12,€12.37,B548A42,2,€10.42
EGBA14412EC,€169.24,BK.25X4,12,€12.37,B548A42,2,€10.42
EGBA14412DG,€169.24,BK.25X4,12,€12.37,B548A42,2,€10.42
EGBA14412EE,€169.24,BK.25X4,12,€12.37,B548A42,2,€10.42
EGBA14412GET,€196.19,BK.25X4T,12,€14.61,B548A42,2,€10.42
EGBA14412GGT,€196.19,BK.25X4T,12,€14.61,B548A42,2,€10.42
EGBA14412JE,€169.24,BK.25X4,12,€12.37,B548A42,2,€10.42
EGBA14412JJ,€169.24,BK.25X4,12,€12.37,B548A42,2,€10.42
EGBA14412LB,€169.24,BK.25X4,12,€12.37,B548A42,2,€10.42
EGBA14412KK,€169.24,BK.25X4,12,€12.37,B548A42,2,€10.42
EGBA14412LL,€169.24,BK.25X4,12,€12.37,B548A42,2,€10.42
EGBA14412LLT,€196.19,BK.25X4T,12,€14.61,B548A42,2,€10.42
EGBA14412MM,€169.24,BK.25X4,12,€12.37,B548A42,2,€10.42
EGBA14412MMT,€196.19,BK.25X4T,12,€14.61,B548A42,2,€10.42
EGBA14412QQ,€169.24,BK.25X4,12,€12.37,B548A42,2,€10.42
EGBA14412NNT,€196.19,BK.25X4T,12,€14.61,B548A42,2,€10.42
EGBA14412QQT,€196.19,BK.25X4T,12,€14.61,B548A42,2,€10.42
EGBA14412RR,€169.24,BK.25X4,12,€12.37,B548A42,2,€10.42
EGBA14412RRT,€196.19,BK.25X4T,12,€14.61,B548A42,2,€10.42
EGBA14612AA,€243.99,BK.25X6,12,€16.86,B548A52,2,€20.84
EGBA14612BB,€243.99,BK.25X6,12,€16.86,B548A52,2,€20.84
EGBA14612BF,€243.99,BK.25X6,12,€16.86,B548A52,2,€20.84
EGBA14612CC,€243.99,BK.25X6,12,€16.86,B548A52,2,€20.84
EGBA14812BB,€270.95,BK.25X8,12,€19.11,B548A52,2,€20.84
EGBA38212EE,€122.00,BK.375X2,12,€8.43,B548A41,2,€10.42
EGBA38412AA,€182.72,BK.375X4,12,€13.49,B548A42,2,€10.42
EGBA38412BB,€182.72,BK.375X4,12,€13.49,B548A42,2,€10.42
EGBA38212NN,€122.00,BK.375X2,12,€8.43,B548A41,2,€10.42
EGBA38412CC,€182.72,BK.375X4,12,€13.49,B548A42,2,€10.42
EGBA38412HH,€182.72,BK.375X4,12,€13.49,B548A42,2,€10.42
EGBA38412NN,€182.72,BK.375X4,12,€13.49,B548A42,2,€10.42
EGBA38612GG,€311.52,BK.375X6,12,€22.49,B548A52,2,€20.84
EGBB14212JJ,€110.69,BK.25X2,12,€7.87,B548A62,2,€8.11
EGBB14112HH,€83.60,BK.25X1,12,€5.62,B548A62,2,€8.11
EGBB14312CB,€137.65,BK.25X3,12,€10.12,B548A63,2,€8.11
EGBB14412BB,€164.61,BK.25X4,12,€12.37,B548A63,2,€8.11
EGBB14412CC,€164.61,BK.25X4,12,€12.37,B548A63,2,€8.11
EGBB14412CCT,€191.56,BK.25X4T,12,€14.61,B548A63,2,€8.11
EGBC14212BB,€94.48,BK.25X2,12,€7.87
EGBC14212BFT,€121.44,BK.25X2T,12,€10.12
EGBC14212GG,€94.48,BK.25X2,12,€7.87
EGBC14312NN,€121.44,BK.25X3,12,€10.12
EGBC14412NN,€148.40,BK.25X4,12,€12.37
EGBC14412NNT,€175.35,BK.25X4T,12,€14.61
EGBD14212NN,€106.06,BK.25X2,12,€7.87,B548A74,2,€5.79
EGBD14412NN,€159.97,BK.25X4,12,€12.37,B548A74,2,€5.79
EGBF14412LL,€224.82,BK.25X4,12,€12.37,B548A42COVER,2,€13.89,PG.25x6,14,€3.47
EGBF14412CC,€224.82,BK.25X4,12,€12.37,B548A42COVER,2,€13.89,PG.25x6,14,€3.47
EGBA12210JJ,€200.66,BK.5X2,10,€17.98,B548A53,2,€10.42
EGBF14412LLT,€251.77,BK.25X4T,12,€14.61,B548A42COVER,2,€13.89,PG.25x6,14,€3.47
EGBA14210BB,€99.58,BK.25X2,10,€7.87,B548A41,2,€10.42
EGBA14210BE,€99.58,BK.25X2,10,€7.87,B548A41,2,€10.42
EGBA14210HB,€99.58,BK.25X2,10,€7.87,B548A41,2,€10.42
EGBA14210EE,€99.58,BK.25X2,10,€7.87,B548A41,2,€10.42
EGBA14210GG,€99.58,BK.25X2,10,€7.87,B548A41,2,€10.42
EGBA14210JF,€99.58,BK.25X2,10,€7.87,B548A41,2,€10.42
EGBA14210JE,€99.58,BK.25X2,10,€7.87,B548A41,2,€10.42
EGBA14210NN,€99.58,BK.25X2,10,€7.87,B548A41,2,€10.42
EGBA14210JJ,€99.58,BK.25X2,10,€7.87,B548A41,2,€10.42
EGBA14210SS,€99.58,BK.25X2,10,€7.87,B548A41,2,€10.42
EGBA14410AA,€144.50,BK.25X4,10,€12.37,B548A42,2,€10.42
EGBA14410AAT,€166.97,BK.25X4T,10,€14.61,B548A42,2,€10.42
EGBA14310NN,€122.04,BK.25X3,10,€10.12,B548A42,2,€10.42
EGBA14410BB,€144.50,BK.25X4,10,€12.37,B548A42,2,€10.42
EGBA14410CC,€144.50,BK.25X4,10,€12.37,B548A42,2,€10.42
EGBA14410EE,€144.50,BK.25X4,10,€12.37,B548A42,2,€10.42
EGBA14410GG,€144.50,BK.25X4,10,€12.37,B548A42,2,€10.42
EGBA14410LL,€144.50,BK.25X4,10,€12.37,B548A42,2,€10.42
EGBA14410GGT,€166.97,BK.25X4T,10,€14.61,B548A42,2,€10.42
EGBA14410NN,€144.50,BK.25X4,10,€12.37,B548A42,2,€10.42
EGBA14410NNT,€166.97,BK.25X4T,10,€14.61,B548A42,2,€10.42
EGBA14410RR,€144.50,BK.25X4,10,€12.37,B548A42,2,€10.42
EGBA38410DB,€155.74,BK.375X4,10,€13.49,B548A42,2,€10.42
EGBC14110HH,€56.16,BK.25X1,10,€5.62
EGBC14310LL,€101.20,BK.25X3,10,€10.12
EGBA38509AA,€203.52,BK.375X5,9,€17.98,B548A52,2,€20.84
EGBA14209GGT,€111.92,BK.25X2T,9,€10.12,B548A41,2,€10.42
EGBA12408NN,€182.76,BK.5X4,8,€20.24,B548A54,2,€10.42
EGBB14209HHT,€107.29,BK.25X2T,9,€10.12,B548A62,2,€8.11
EGBA14208BB,€83.83,BK.25X2,8,€7.87,B548A41,2,€10.42
EGBA14208BF,€83.83,BK.25X2,8,€7.87,B548A41,2,€10.42
EGBA14208EE,€83.83,BK.25X2,8,€7.87,B548A41,2,€10.42
EGBA14208GG,€83.83,BK.25X2,8,€7.87,B548A41,2,€10.42
EGBA14208HHT,€101.80,BK.25X2T,8,€10.12,B548A41,2,€10.42
EGBA14208NN,€83.83,BK.25X2,8,€7.87,B548A41,2,€10.42
EGBA14308JJ,€101.80,BK.25X3,8,€10.12,B548A42,2,€10.42
EGBA14408BB,€119.77,BK.25X4,8,€12.37,B548A42,2,€10.42
EGBA14308NN,€101.80,BK.25X3,8,€10.12,B548A42,2,€10.42
EGBA14408MM,€119.77,BK.25X4,8,€12.37,B548A42,2,€10.42
EGBA14408NN,€119.77,BK.25X4,8,€12.37,B548A42,2,€10.42
EGBA14608AA,€176.56,BK.25X6,8,€16.86,B548A52,2,€20.84
EGBC14408GG,€98.93,BK.25X4,8,€12.37
EGBA38308NN,€108.56,BK.375X3,8,€10.97,B548A42,2,€10.42
EGBC14308LLT,€98.93,BK.25X3T,8,€12.37
EGBA14207BF,€75.96,BK.25X2,7,€7.87,B548A41,2,€10.42
EGBA12206NN,€128.73,BK.5X2,6,€17.98,B548A53,2,€10.42
EGBC14307NN,€70.84,BK.25X3,7,€10.12
EGBA14106HH,€54.54,BK.25X1,6,€5.62,B548A41,2,€10.42
EGBA14106HHT,€68.08,BK.25X1T,6,€7.87,B548A41,2,€10.42
EGBA14206BD,€68.08,BK.25X2,6,€7.87,B548A41,2,€10.42
EGBA14106NN,€54.54,BK.25X1,6,€5.62,B548A41,2,€10.42
EGBA14206EC,€68.08,BK.25X2,6,€7.87,B548A41,2,€10.42
EGBA14206BB,€68.08,BK.25X2,6,€7.87,B548A41,2,€10.42
EGBA14206EE,€68.08,BK.25X2,6,€7.87,B548A41,2,€10.42
EGBA14206EET,€81.56,BK.25X2T,6,€10.12,B548A41,2,€10.42
EGBA14206GG,€68.08,BK.25X2,6,€7.87,B548A41,2,€10.42
EGBA14206JJ,€68.08,BK.25X2,6,€7.87,B548A41,2,€10.42
EGBA14206NNT,€81.56,BK.25X2T,6,€10.12,B548A41,2,€10.42
EGBA14206NN,€68.08,BK.25X2,6,€7.87,B548A41,2,€10.42
EGBA14206SS,€68.08,BK.25X2,6,€7.87,B548A41,2,€10.42
EGBA14306CC,€81.56,BK.25X3,6,€10.12,B548A42,2,€10.42
EGBA14306NN,€81.56,BK.25X3,6,€10.12,B548A42,2,€10.42
EGBA14406MM2QC,€136.72,BK.25X4,6,€12.37,B548A42,2,€10.42,A800A23,3,€13.89
EGBA14406CC,€95.04,BK.25X4,6,€12.37,B548A42,2,€10.42
EGBA14406CCT,€108.52,BK.25X4T,6,€14.61,B548A42,2,€10.42
EGBB14106NN,€49.91,BK.25X1,6,€5.62,B548A62,2,€8.11
EGBA14406LL,€95.04,BK.25X4,6,€12.37,B548A42,2,€10.42
EGBA14406NN,€95.04,BK.25X4,6,€12.37,B548A42,2,€10.42
EGBF14406LL,€129.78,BK.25X4,6,€12.37,B548A42COVER,2,€13.89,PG.25x6,8,€3.47
EGBC14106EE,€33.69,BK.25X1,6,€5.62
EGBB14206EET,€76.93,BK.25X2T,6,€10.12,B548A62,2,€8.11
EGBA14424CC,€317.63,BK.25X4,24,€12.37,B548A42,2,€10.42
EGBA14424LL,€317.63,BK.25X4,24,€12.37,B548A42,2,€10.42
EGBA14618CC,€345.14,BK.25X6,18,€16.86,B548A52,2,€20.84
EGBA14612GG,€243.99,BK.25X6,12,€16.86,B548A52,2,€20.84
EGBA14612NN,€243.99,BK.25X6,12,€16.86,B548A52,2,€20.84
EGBA14412HH,€169.24,BK.25X4,12,€12.37,B548A42,2,€10.42
EGBA38412GG,€182.72,BK.375X4,12,€13.49,B548A42,2,€10.42
EGBA14412CCT1TK,€335.14,BK.25X4T,12,€14.61,B548A42,2,€10.42,A809A07T,10,€13.89
EGBC14212EE,€94.48,BK.25X2,12,€7.87
EGBD14312CC2QK,€271.97,BK.25X3,12,€10.12,B548A74,2,€5.79,A800A23,10,€13.89
EGBA14110NN,€77.00,BK.25X1,10,€5.62,B548A41,2,€10.42
EGBA14308AA1TK,€240.75,BK.25X3,8,€10.12,B548A42,2,€10.42,A809A07T,10,€13.89
EGBB14206NN,€63.45,BK.25X2,6,€7.87,B548A62,2,€8.11
EGBC14206NN,€47.24,BK.25X2,6,€7.87
EGBF14406LLT,€143.25,BK.25X4T,6,€14.61,B548A42COVER,2,€13.89,PG.25x6,8,€3.47
EGBA14412GG,€169.24,BK.25X4,12,€12.37,B548A42,2,€10.42
EGBA14630CC,€547.45,BK.25X6,30,€16.86,B548A52,2,€20.84
EGBA14412NN,€169.24,BK.25X4,12,€12.37,B548A42,2,€10.42
EGBA14624LL,€446.30,BK.25X6,24,€16.86,B548A52,2,€20.84
