EGBA142144EE,"$1,268.08",BK.25X2,144,$8.36,B548A41,6,$10.75
EGBA144144LL,"$1,955.86",BK.25X4,144,$13.13,B548A42,6,$10.75
EGBA142120EE,"$1,056.74",BK.25X2,120,$8.36,B548A41,5,$10.75
EGBA142120JJ,"$1,056.74",BK.25X2,120,$8.36,B548A41,5,$10.75
EGBA146120NN,"$2,256.76",BK.25X6,120,$17.91,B548A52,5,$21.49
EGBA384120BB,"$1,773.17",BK.375X4,120,$14.33,B548A42,5,$10.75
EGBA144120NN,"$1,629.88",BK.25X4,120,$13.13,B548A42,5,$10.75
EGBA144120CCT,"$1,916.45",BK.25X4T,120,$15.52,B548A42,5,$10.75
EGBA14296BB,$845.39,BK.25X2,96,$8.36,B548A41,4,$10.75
EGBA14296NN,$845.39,BK.25X2,96,$8.36,B548A41,4,$10.75
EGBA14496EE,"$1,303.91",BK.25X4,96,$13.13,B548A42,4,$10.75
EGBA14496CC,"$1,303.91",BK.25X4,96,$13.13,B548A42,4,$10.75
EGBA14496NN,"$1,303.91",BK.25X4,96,$13.13,B548A42,4,$10.75
EGBD14284NN,$725.98,BK.25X2,84,$8.36,B548A74,4,$5.97
EGBA14480GG,"$1,093.75",BK.25X4,80,$13.13,B548A42,4,$10.75
EGBA14384CCT,"$1,146.29",BK.25X3T,84,$13.13,B548A42,4,$10.75
EGBA14372GG,$805.99,BK.25X3,72,$10.75,B548A42,3,$10.75
EGBA14472BB,$977.93,BK.25X4,72,$13.13,B548A42,3,$10.75
EGBA14270EE,$617.33,BK.25X2,70,$8.36,B548A41,3,$10.75
EGBA12460NN,"$1,321.82",BK.5X4,60,$21.49,B548A54,3,$10.75
EGBA14260NN,$533.74,BK.25X2,60,$8.36,B548A41,3,$10.75
EGBA14460CCT,$963.60,BK.25X4T,60,$15.52,B548A42,3,$10.75
EGBA14460GG,$820.31,BK.25X4,60,$13.13,B548A42,3,$10.75
EGBA14660CC,"$1,139.13",BK.25X6,60,$17.91,B548A52,3,$21.49
EGBA38460BB,$891.96,BK.375X4,60,$14.33,B548A42,3,$10.75
EGBA38460NN,$891.96,BK.375X4,60,$14.33,B548A42,3,$10.75
EGBA14256JJ,$500.31,BK.25X2,56,$8.36,B548A41,3,$10.75
EGBA14354CC,$612.55,BK.25X3,54,$10.75,B548A42,3,$10.75
EGBA12448NN,"$1,063.90",BK.5X4,48,$21.49,B548A54,3,$10.75
EGBA14148NN,$318.81,BK.25X1,48,$5.97,B548A41,3,$10.75
EGBA14248BB,$433.44,BK.25X2,48,$8.36,B548A41,3,$10.75
EGBA14248GG,$433.44,BK.25X2,48,$8.36,B548A41,3,$10.75
EGBA14248JJ,$433.44,BK.25X2,48,$8.36,B548A41,3,$10.75
EGBA14348CC,$548.07,BK.25X3,48,$10.75,B548A42,3,$10.75
EGBA14248NN,$433.44,BK.25X2,48,$8.36,B548A41,3,$10.75
EGBA14348NN,$548.07,BK.25X3,48,$10.75,B548A42,3,$10.75
EGBA14448AA,$662.70,BK.25X4,48,$13.13,B548A42,3,$10.75
EGBA14448BB,$662.70,BK.25X4,48,$13.13,B548A42,3,$10.75
EGBA14448CC,$662.70,BK.25X4,48,$13.13,B548A42,3,$10.75
EGBA14448CCT,$777.33,BK.25X4T,48,$15.52,B548A42,3,$10.75
EGBA14448GG,$662.70,BK.25X4,48,$13.13,B548A42,3,$10.75
EGBA14448LL,$662.70,BK.25X4,48,$13.13,B548A42,3,$10.75
EGBA14448NN,$662.70,BK.25X4,48,$13.13,B548A42,3,$10.75
EGBA14448NNT,$777.33,BK.25X4T,48,$15.52,B548A42,3,$10.75
EGBA14448RR,$662.70,BK.25X4,48,$13.13,B548A42,3,$10.75
EGBA14648BB,$924.20,BK.25X6,48,$17.91,B548A52,3,$21.49
EGBA14648CC,$924.20,BK.25X6,48,$17.91,B548A52,3,$21.49
EGBA14648NN,$924.20,BK.25X6,48,$17.91,B548A52,3,$21.49
EGBA38248EE,$462.10,BK.375X2,48,$8.96,B548A41,3,$10.75
EGBA38448BB,$720.01,BK.375X4,48,$14.33,B548A42,3,$10.75
EGBA38448CC,$720.01,BK.375X4,48,$14.33,B548A42,3,$10.75
EGBA38448GG,$720.01,BK.375X4,48,$14.33,B548A42,3,$10.75
EGBA38448LL,$720.01,BK.375X4,48,$14.33,B548A42,3,$10.75
EGBA38448NN,$720.01,BK.375X4,48,$14.33,B548A42,3,$10.75
EGBC14248NN,$401.20,BK.25X2,48,$8.36
EGBC14448NN,$630.46,BK.25X4,48,$13.13
EGBF12448CC,"$1,253.75",BK.5X4,48,$21.49,B548A54COVER,3,$14.33,PG.25x6,50,$3.58
EGBF14448CC,$852.55,BK.25X4,48,$13.13,B548A42COVER,3,$14.33,PG.25x6,50,$3.58
EGBF14448CCT,$967.18,BK.25X4T,48,$15.52,B548A42COVER,3,$14.33,PG.25x6,50,$3.58
EGBA12842NN,"$1,318.23",BK.5X8,42,$29.85,B548A55,3,$21.49
EGBA14442CC,$583.89,BK.25X4,42,$13.13,B548A42,3,$10.75
EGBA38642LL,"$1,067.48",BK.375X6,42,$23.88,B548A52,3,$21.49
EGBA14240EET,$462.10,BK.25X2T,40,$10.75,B548A41,3,$10.75
EGBA14440CC,$557.62,BK.25X4,40,$13.13,B548A42,3,$10.75
EGBF14440QQ,$718.82,BK.25X4,40,$13.13,B548A42COVER,3,$14.33,PG.25x6,42,$3.58
EGBB14240EE,$359.41,BK.25X2,40,$8.36,B548A62,3,$8.36
EGBA12436MM,$795.24,BK.5X4,36,$21.49,B548A54,2,$10.75
EGBA12636CC,$902.70,BK.5X6,36,$23.88,B548A55,2,$21.49
EGBA12636LL,$902.70,BK.5X6,36,$23.88,B548A55,2,$21.49
EGBA14236BB,$322.39,BK.25X2,36,$8.36,B548A41,2,$10.75
EGBA14236DD,$322.39,BK.25X2,36,$8.36,B548A41,2,$10.75
EGBA14236EE,$322.39,BK.25X2,36,$8.36,B548A41,2,$10.75
EGBA14236GG,$322.39,BK.25X2,36,$8.36,B548A41,2,$10.75
EGBA14236NN,$322.39,BK.25X2,36,$8.36,B548A41,2,$10.75
EGBA14236NNT,$408.37,BK.25X2T,36,$10.75,B548A41,2,$10.75
EGBA14336BB,$408.37,BK.25X3,36,$10.75,B548A42,2,$10.75
EGBA14336BBT,$494.34,BK.25X3T,36,$13.13,B548A42,2,$10.75
EGBA14336CC,$408.37,BK.25X3,36,$10.75,B548A42,2,$10.75
EGBA14436AA,$494.34,BK.25X4,36,$13.13,B548A42,2,$10.75
EGBA14436BB,$494.34,BK.25X4,36,$13.13,B548A42,2,$10.75
EGBA14436AAT,$580.31,BK.25X4T,36,$15.52,B548A42,2,$10.75
EGBA14436CCT,$580.31,BK.25X4T,36,$15.52,B548A42,2,$10.75
EGBA14436EE,$494.34,BK.25X4,36,$13.13,B548A42,2,$10.75
EGBA14436LLT,$580.31,BK.25X4T,36,$15.52,B548A42,2,$10.75
EGBA14436QQT,$580.31,BK.25X4T,36,$15.52,B548A42,2,$10.75
EGBA14636BB,$687.77,BK.25X6,36,$17.91,B548A52,2,$21.49
EGBA14636CC,$687.77,BK.25X6,36,$17.91,B548A52,2,$21.49
EGBA14636LL,$687.77,BK.25X6,36,$17.91,B548A52,2,$21.49
EGBA14636NN,$687.77,BK.25X6,36,$17.91,B548A52,2,$21.49
EGBA14636RR,$687.77,BK.25X6,36,$17.91,B548A52,2,$21.49
EGBA14636QQ,$687.77,BK.25X6,36,$17.91,B548A52,2,$21.49
EGBA14836CC,$773.75,BK.25X8,36,$20.30,B548A52,2,$21.49
EGBA14836NN,$773.75,BK.25X8,36,$20.30,B548A52,2,$21.49
EGBA14836RR,$773.75,BK.25X8,36,$20.30,B548A52,2,$21.49
EGBA38236GG,$343.89,BK.375X2,36,$8.96,B548A41,2,$10.75
EGBA38436EE,$537.32,BK.375X4,36,$14.33,B548A42,2,$10.75
EGBA38636JJ,$902.70,BK.375X6,36,$23.88,B548A52,2,$21.49
EGBC14236NN,$300.90,BK.25X2,36,$8.36
EGBF12436LL,$938.53,BK.5X4,36,$21.49,B548A54COVER,2,$14.33,PG.25x6,38,$3.58
EGBF14436CC,$637.62,BK.25X4,36,$13.13,B548A42COVER,2,$14.33,PG.25x6,38,$3.58
EGBA14434CC,$468.07,BK.25X4,34,$13.13,B548A42,2,$10.75
EGBA14434DD,$468.07,BK.25X4,34,$13.13,B548A42,2,$10.75
EGBA14432BB,$441.80,BK.25X4,32,$13.13,B548A42,2,$10.75
EGBA14230BB,$272.24,BK.25X2,30,$8.36,B548A41,2,$10.75
EGBA14230EE,$272.24,BK.25X2,30,$8.36,B548A41,2,$10.75
EGBA14230EET,$343.89,BK.25X2T,30,$10.75,B548A41,2,$10.75
EGBA14330CC,$343.89,BK.25X3,30,$10.75,B548A42,2,$10.75
EGBA14430BB,$415.53,BK.25X4,30,$13.13,B548A42,2,$10.75
EGBA14430CCT,$487.17,BK.25X4T,30,$15.52,B548A42,2,$10.75
EGBA14430NN,$415.53,BK.25X4,30,$13.13,B548A42,2,$10.75
EGBA14630NN,$580.31,BK.25X6,30,$17.91,B548A52,2,$21.49
EGBA14830CC,$651.95,BK.25X8,30,$20.30,B548A52,2,$21.49
EGBA14630RR,$580.31,BK.25X6,30,$17.91,B548A52,2,$21.49
EGBA38430CC,$451.35,BK.375X4,30,$14.33,B548A42,2,$10.75
EGBA38630LL,$759.42,BK.375X6,30,$23.88,B548A52,2,$21.49
EGBB14230EET,$339.11,BK.25X2T,30,$10.75,B548A62,2,$8.36
EGBA38430NN,$451.35,BK.375X4,30,$14.33,B548A42,2,$10.75
EGBC12230NN,$573.15,BK.5X2,30,$19.10
EGBA14428NN,$389.26,BK.25X4,28,$13.13,B548A42,2,$10.75
EGBA14428CC,$389.26,BK.25X4,28,$13.13,B548A42,2,$10.75
EGBA12224BB,$480.01,BK.5X2,24,$19.10,B548A53,2,$10.75
EGBA12424CC,$537.32,BK.5X4,24,$21.49,B548A54,2,$10.75
EGBA12424NN,$537.32,BK.5X4,24,$21.49,B548A54,2,$10.75
EGBA12224NN,$480.01,BK.5X2,24,$19.10,B548A53,2,$10.75
EGBA12624CC,$616.13,BK.5X6,24,$23.88,B548A55,2,$21.49
EGBA12624NN,$616.13,BK.5X6,24,$23.88,B548A55,2,$21.49
EGBA12624RR,$616.13,BK.5X6,24,$23.88,B548A55,2,$21.49
EGBA12824NN,$759.42,BK.5X8,24,$29.85,B548A55,2,$21.49
EGBA14124NN,$164.78,BK.25X1,24,$5.97,B548A41,2,$10.75
EGBA14224BB,$222.09,BK.25X2,24,$8.36,B548A41,2,$10.75
EGBA14224BBT,$279.41,BK.25X2T,24,$10.75,B548A41,2,$10.75
EGBA14224DD,$222.09,BK.25X2,24,$8.36,B548A41,2,$10.75
EGBA14224EE,$222.09,BK.25X2,24,$8.36,B548A41,2,$10.75
EGBA14224EET,$279.41,BK.25X2T,24,$10.75,B548A41,2,$10.75
EGBA14224JJ,$222.09,BK.25X2,24,$8.36,B548A41,2,$10.75
EGBA14224GG,$222.09,BK.25X2,24,$8.36,B548A41,2,$10.75
EGBA14224HH,$222.09,BK.25X2,24,$8.36,B548A41,2,$10.75
EGBA14224GGT,$279.41,BK.25X2T,24,$10.75,B548A41,2,$10.75
EGBA14324BB,$279.41,BK.25X3,24,$10.75,B548A42,2,$10.75
EGBA14324BBT,$336.72,BK.25X3T,24,$13.13,B548A42,2,$10.75
EGBA14224NN,$222.09,BK.25X2,24,$8.36,B548A41,2,$10.75
EGBA14324CCT,$336.72,BK.25X3T,24,$13.13,B548A42,2,$10.75
EGBA14324GG,$279.41,BK.25X3,24,$10.75,B548A42,2,$10.75
EGBA14324LLT,$336.72,BK.25X3T,24,$13.13,B548A42,2,$10.75
EGBA14424AA,$336.72,BK.25X4,24,$13.13,B548A42,2,$10.75
EGBA14424AAT,$394.04,BK.25X4T,24,$15.52,B548A42,2,$10.75
EGBA14424BBT,$394.04,BK.25X4T,24,$15.52,B548A42,2,$10.75
EGBA14424DDT,$394.04,BK.25X4T,24,$15.52,B548A42,2,$10.75
EGBA14424CCT,$394.04,BK.25X4T,24,$15.52,B548A42,2,$10.75
EGBA14424GGT,$394.04,BK.25X4T,24,$15.52,B548A42,2,$10.75
EGBA14424JJT,$394.04,BK.25X4T,24,$15.52,B548A42,2,$10.75
EGBA14424MMT,$394.04,BK.25X4T,24,$15.52,B548A42,2,$10.75
EGBA14424NNT,$394.04,BK.25X4T,24,$15.52,B548A42,2,$10.75
EGBA14424QQT,$394.04,BK.25X4T,24,$15.52,B548A42,2,$10.75
EGBA14424RRT,$394.04,BK.25X4T,24,$15.52,B548A42,2,$10.75
EGBA14824MM,$530.16,BK.25X8,24,$20.30,B548A52,2,$21.49
EGBA14824LL,$530.16,BK.25X8,24,$20.30,B548A52,2,$21.49
EGBA38424BB,$365.38,BK.375X4,24,$14.33,B548A42,2,$10.75
EGBA14824NN,$530.16,BK.25X8,24,$20.30,B548A52,2,$21.49
EGBA38424CC,$365.38,BK.375X4,24,$14.33,B548A42,2,$10.75
EGBA38424DD,$365.38,BK.375X4,24,$14.33,B548A42,2,$10.75
EGBA38624CC,$616.13,BK.375X6,24,$23.88,B548A52,2,$21.49
EGBA38624LL,$616.13,BK.375X6,24,$23.88,B548A52,2,$21.49
EGBB14424CC,$331.95,BK.25X4,24,$13.13,B548A63,2,$8.36
EGBB14424EE,$331.95,BK.25X4,24,$13.13,B548A63,2,$8.36
EGBB38324NN,$296.12,BK.375X3,24,$11.64,B548A63,2,$8.36
EGBC14424NN,$315.23,BK.25X4,24,$13.13
EGBC14224NN,$200.60,BK.25X2,24,$8.36
EGBD14224BB,$212.54,BK.25X2,24,$8.36,B548A74,2,$5.97
EGBF12424CC,$637.62,BK.5X4,24,$21.49,B548A54COVER,2,$14.33,PG.25x6,26,$3.58
EGBF14424GG,$437.02,BK.25X4,24,$13.13,B548A42COVER,2,$14.33,PG.25x6,26,$3.58
EGBF14424CC,$437.02,BK.25X4,24,$13.13,B548A42COVER,2,$14.33,PG.25x6,26,$3.58
EGBF14424LL,$437.02,BK.25X4,24,$13.13,B548A42COVER,2,$14.33,PG.25x6,26,$3.58
EGBA14222EET,$257.92,BK.25X2T,22,$10.75,B548A41,2,$10.75
EGBF14424RR,$437.02,BK.25X4,24,$13.13,B548A42COVER,2,$14.33,PG.25x6,26,$3.58
EGBA14421RR,$297.32,BK.25X4,21,$13.13,B548A42,2,$10.75
EGBA12420NN,$451.35,BK.5X4,20,$21.49,B548A54,2,$10.75
EGBA14220BB,$188.66,BK.25X2,20,$8.36,B548A41,2,$10.75
EGBA14220EE,$188.66,BK.25X2,20,$8.36,B548A41,2,$10.75
EGBA14220HH,$188.66,BK.25X2,20,$8.36,B548A41,2,$10.75
EGBA14220NN,$188.66,BK.25X2,20,$8.36,B548A41,2,$10.75
EGBA14320BB,$236.42,BK.25X3,20,$10.75,B548A42,2,$10.75
EGBA14320CC,$236.42,BK.25X3,20,$10.75,B548A42,2,$10.75
EGBA14420BB,$284.18,BK.25X4,20,$13.13,B548A42,2,$10.75
EGBA14420CC,$284.18,BK.25X4,20,$13.13,B548A42,2,$10.75
EGBA14420CCT,$331.95,BK.25X4T,20,$15.52,B548A42,2,$10.75
EGBA14420GG,$284.18,BK.25X4,20,$13.13,B548A42,2,$10.75
EGBA14420LLT,$331.95,BK.25X4T,20,$15.52,B548A42,2,$10.75
EGBA14420HH,$284.18,BK.25X4,20,$13.13,B548A42,2,$10.75
EGBA14420MM,$284.18,BK.25X4,20,$13.13,B548A42,2,$10.75
EGBA14420QQT,$331.95,BK.25X4T,20,$15.52,B548A42,2,$10.75
EGBA14420RR,$284.18,BK.25X4,20,$13.13,B548A42,2,$10.75
EGBA38420CC,$308.07,BK.375X4,20,$14.33,B548A42,2,$10.75
EGBF14420LL,$370.16,BK.25X4,20,$13.13,B548A42COVER,2,$14.33,PG.25x6,22,$3.58
EGBA12418EE,$408.37,BK.5X4,18,$21.49,B548A54,2,$10.75
EGBF14420LLT,$417.92,BK.25X4T,20,$15.52,B548A42COVER,2,$14.33,PG.25x6,22,$3.58
EGBA12418MM,$408.37,BK.5X4,18,$21.49,B548A54,2,$10.75
EGBA12418NN,$408.37,BK.5X4,18,$21.49,B548A54,2,$10.75
EGBA14218BB,$171.94,BK.25X2,18,$8.36,B548A41,2,$10.75
EGBA14218EE,$171.94,BK.25X2,18,$8.36,B548A41,2,$10.75
EGBA14218GG,$171.94,BK.25X2,18,$8.36,B548A41,2,$10.75
EGBA14218HH,$171.94,BK.25X2,18,$8.36,B548A41,2,$10.75
EGBA14218HHT,$214.93,BK.25X2T,18,$10.75,B548A41,2,$10.75
EGBA14218NN,$171.94,BK.25X2,18,$8.36,B548A41,2,$10.75
EGBA14318DD,$214.93,BK.25X3,18,$10.75,B548A42,2,$10.75
EGBA14318GG,$214.93,BK.25X3,18,$10.75,B548A42,2,$10.75
EGBA14418AA,$257.92,BK.25X4,18,$13.13,B548A42,2,$10.75
EGBA14418BB,$257.92,BK.25X4,18,$13.13,B548A42,2,$10.75
EGBA14418CC,$257.92,BK.25X4,18,$13.13,B548A42,2,$10.75
EGBA14418CCT,$300.90,BK.25X4T,18,$15.52,B548A42,2,$10.75
EGBA14418EE,$257.92,BK.25X4,18,$13.13,B548A42,2,$10.75
EGBA14418JJ,$257.92,BK.25X4,18,$13.13,B548A42,2,$10.75
EGBA14418LL,$257.92,BK.25X4,18,$13.13,B548A42,2,$10.75
EGBA14418LLT,$300.90,BK.25X4T,18,$15.52,B548A42,2,$10.75
EGBA14418NN,$257.92,BK.25X4,18,$13.13,B548A42,2,$10.75
EGBA38418BB,$279.41,BK.375X4,18,$14.33,B548A42,2,$10.75
EGBA38418NN,$279.41,BK.375X4,18,$14.33,B548A42,2,$10.75
EGBC14118HH,$107.46,BK.25X1,18,$5.97
EGBC14218EET,$193.44,BK.25X2T,18,$10.75
EGBF14418CCT,$379.71,BK.25X4T,18,$15.52,B548A42COVER,2,$14.33,PG.25x6,20,$3.58
EGBA12416AA,$365.38,BK.5X4,16,$21.49,B548A54,2,$10.75
EGBA14116HH,$117.02,BK.25X1,16,$5.97,B548A41,2,$10.75
EGBA14216GG,$155.23,BK.25X2,16,$8.36,B548A41,2,$10.75
EGBA14216HH,$155.23,BK.25X2,16,$8.36,B548A41,2,$10.75
EGBA14216NNT,$193.44,BK.25X2T,16,$10.75,B548A41,2,$10.75
EGBA14316CC,$193.44,BK.25X3,16,$10.75,B548A42,2,$10.75
EGBA14416AA,$231.65,BK.25X4,16,$13.13,B548A42,2,$10.75
EGBA14416AAT,$269.86,BK.25X4T,16,$15.52,B548A42,2,$10.75
EGBA14416CC,$231.65,BK.25X4,16,$13.13,B548A42,2,$10.75
EGBA14416CCT,$269.86,BK.25X4T,16,$15.52,B548A42,2,$10.75
EGBA14416LLT,$269.86,BK.25X4T,16,$15.52,B548A42,2,$10.75
EGBA14416NN,$231.65,BK.25X4,16,$13.13,B548A42,2,$10.75
EGBA14416NNT,$269.86,BK.25X4T,16,$15.52,B548A42,2,$10.75
EGBA38416GG,$250.75,BK.375X4,16,$14.33,B548A42,2,$10.75
EGBC14416AA,$210.15,BK.25X4,16,$13.13
EGBF14416LLT,$341.50,BK.25X4T,16,$15.52,B548A42COVER,2,$14.33,PG.25x6,18,$3.58
EGBA14215EET,$182.69,BK.25X2T,15,$10.75,B548A41,2,$10.75
EGBA14215GG,$146.87,BK.25X2,15,$8.36,B548A41,2,$10.75
EGBA14215JJT,$182.69,BK.25X2T,15,$10.75,B548A41,2,$10.75
EGBA14415CC,$218.51,BK.25X4,15,$13.13,B548A42,2,$10.75
EGBA14415CCT,$254.33,BK.25X4T,15,$15.52,B548A42,2,$10.75
EGBC14215NN,$125.38,BK.25X2,15,$8.36
EGBA12414BB,$322.39,BK.5X4,14,$21.49,B548A54,2,$10.75
EGBA14214HH,$138.51,BK.25X2,14,$8.36,B548A41,2,$10.75
EGBA14414AA,$205.38,BK.25X4,14,$13.13,B548A42,2,$10.75
EGBA14414CC,$205.38,BK.25X4,14,$13.13,B548A42,2,$10.75
EGBA14414EE,$205.38,BK.25X4,14,$13.13,B548A42,2,$10.75
EGBA14414KK,$205.38,BK.25X4,14,$13.13,B548A42,2,$10.75
EGBA14414LL,$205.38,BK.25X4,14,$13.13,B548A42,2,$10.75
EGBA14414RR,$205.38,BK.25X4,14,$13.13,B548A42,2,$10.75
EGBB14214NN,$133.73,BK.25X2,14,$8.36,B548A62,2,$8.36
EGBB14313GGT,$187.47,BK.25X3T,13,$13.13,B548A63,2,$8.36
EGBA12212NN,$250.75,BK.5X2,12,$19.10,B548A53,2,$10.75
EGBA12412AA,$279.41,BK.5X4,12,$21.49,B548A54,2,$10.75
EGBA12412CC,$279.41,BK.5X4,12,$21.49,B548A54,2,$10.75
EGBA12412GG,$279.41,BK.5X4,12,$21.49,B548A54,2,$10.75
EGBA12412NN,$279.41,BK.5X4,12,$21.49,B548A54,2,$10.75
EGBA12612LL,$329.56,BK.5X6,12,$23.88,B548A55,2,$21.49
EGBA12612NN,$329.56,BK.5X6,12,$23.88,B548A55,2,$21.49
EGBA14112HH,$93.14,BK.25X1,12,$5.97,B548A41,2,$10.75
EGBA14112EE,$93.14,BK.25X1,12,$5.97,B548A41,2,$10.75
EGBA14112NN,$93.14,BK.25X1,12,$5.97,B548A41,2,$10.75
EGBA14212BB,$121.79,BK.25X2,12,$8.36,B548A41,2,$10.75
EGBA14212BBT,$150.45,BK.25X2T,12,$10.75,B548A41,2,$10.75
EGBA14212DD,$121.79,BK.25X2,12,$8.36,B548A41,2,$10.75
EGBA14212DDT,$150.45,BK.25X2T,12,$10.75,B548A41,2,$10.75
EGBA14212EET,$150.45,BK.25X2T,12,$10.75,B548A41,2,$10.75
EGBA14212GG,$121.79,BK.25X2,12,$8.36,B548A41,2,$10.75
EGBA14212HHT,$150.45,BK.25X2T,12,$10.75,B548A41,2,$10.75
EGBA14212JJT,$150.45,BK.25X2T,12,$10.75,B548A41,2,$10.75
EGBA14212NNT,$150.45,BK.25X2T,12,$10.75,B548A41,2,$10.75
EGBA14312BBT,$179.11,BK.25X3T,12,$13.13,B548A42,2,$10.75
EGBA14312MMT,$179.11,BK.25X3T,12,$13.13,B548A42,2,$10.75
EGBA14412AAT,$207.77,BK.25X4T,12,$15.52,B548A42,2,$10.75
EGBA14412BBT,$207.77,BK.25X4T,12,$15.52,B548A42,2,$10.75
EGBA14412CCT,$207.77,BK.25X4T,12,$15.52,B548A42,2,$10.75
EGBA14412GGT,$207.77,BK.25X4T,12,$15.52,B548A42,2,$10.75
EGBA14412LLT,$207.77,BK.25X4T,12,$15.52,B548A42,2,$10.75
EGBA14412MMT,$207.77,BK.25X4T,12,$15.52,B548A42,2,$10.75
EGBA14412QQT,$207.77,BK.25X4T,12,$15.52,B548A42,2,$10.75
EGBA14412NNT,$207.77,BK.25X4T,12,$15.52,B548A42,2,$10.75
EGBA14412RRT,$207.77,BK.25X4T,12,$15.52,B548A42,2,$10.75
EGBA14612AA,$257.92,BK.25X6,12,$17.91,B548A52,2,$21.49
EGBA14612BB,$257.92,BK.25X6,12,$17.91,B548A52,2,$21.49
EGBA14612CC,$257.92,BK.25X6,12,$17.91,B548A52,2,$21.49
EGBA14812BB,$286.57,BK.25X8,12,$20.30,B548A52,2,$21.49
EGBA38212EE,$128.96,BK.375X2,12,$8.96,B548A41,2,$10.75
EGBA38212NN,$128.96,BK.375X2,12,$8.96,B548A41,2,$10.75
EGBA38412AA,$193.44,BK.375X4,12,$14.33,B548A42,2,$10.75
EGBA38412BB,$193.44,BK.375X4,12,$14.33,B548A42,2,$10.75
EGBA38412CC,$193.44,BK.375X4,12,$14.33,B548A42,2,$10.75
EGBA38412GG,$193.44,BK.375X4,12,$14.33,B548A42,2,$10.75
EGBA38412HH,$193.44,BK.375X4,12,$14.33,B548A42,2,$10.75
EGBA38412NN,$193.44,BK.375X4,12,$14.33,B548A42,2,$10.75
EGBA38612GG,$329.56,BK.375X6,12,$23.88,B548A52,2,$21.49
EGBB14112HH,$88.36,BK.25X1,12,$5.97,B548A62,2,$8.36
EGBB14212JJ,$117.02,BK.25X2,12,$8.36,B548A62,2,$8.36
EGBB14412BB,$174.33,BK.25X4,12,$13.13,B548A63,2,$8.36
EGBB14412CC,$174.33,BK.25X4,12,$13.13,B548A63,2,$8.36
EGBC14212BB,$100.30,BK.25X2,12,$8.36
EGBB14412CCT,$202.99,BK.25X4T,12,$15.52,B548A63,2,$8.36
EGBC14212EE,$100.30,BK.25X2,12,$8.36
EGBC14212GG,$100.30,BK.25X2,12,$8.36
EGBC14412NN,$157.61,BK.25X4,12,$13.13
EGBC14412NNT,$186.27,BK.25X4T,12,$15.52
EGBD14212NN,$112.24,BK.25X2,12,$8.36,B548A74,2,$5.97
EGBF14412CC,$236.42,BK.25X4,12,$13.13,B548A42COVER,2,$14.33,PG.25x6,14,$3.58
EGBF14412LLT,$265.08,BK.25X4T,12,$15.52,B548A42COVER,2,$14.33,PG.25x6,14,$3.58
EGBA12210JJ,$212.54,BK.5X2,10,$19.10,B548A53,2,$10.75
EGBA14110NN,$81.20,BK.25X1,10,$5.97,B548A41,2,$10.75
EGBA14210GG,$105.08,BK.25X2,10,$8.36,B548A41,2,$10.75
EGBA14210JJ,$105.08,BK.25X2,10,$8.36,B548A41,2,$10.75
EGBA14210SS,$105.08,BK.25X2,10,$8.36,B548A41,2,$10.75
EGBA14410AA,$152.84,BK.25X4,10,$13.13,B548A42,2,$10.75
EGBA14410AAT,$176.72,BK.25X4T,10,$15.52,B548A42,2,$10.75
EGBA14410EE,$152.84,BK.25X4,10,$13.13,B548A42,2,$10.75
EGBA14410GGT,$176.72,BK.25X4T,10,$15.52,B548A42,2,$10.75
EGBA14410LL,$152.84,BK.25X4,10,$13.13,B548A42,2,$10.75
EGBA14410NNT,$176.72,BK.25X4T,10,$15.52,B548A42,2,$10.75
EGBA14209GGT,$118.21,BK.25X2T,9,$10.75,B548A41,2,$10.75
EGBA38509AA,$214.93,BK.375X5,9,$19.10,B548A52,2,$21.49
EGBB14209HHT,$113.43,BK.25X2T,9,$10.75,B548A62,2,$8.36
EGBA12408NN,$193.44,BK.5X4,8,$21.49,B548A54,2,$10.75
EGBA14208EE,$88.36,BK.25X2,8,$8.36,B548A41,2,$10.75
EGBA14208HHT,$107.46,BK.25X2T,8,$10.75,B548A41,2,$10.75
EGBA14208NN,$88.36,BK.25X2,8,$8.36,B548A41,2,$10.75
EGBA14308JJ,$107.46,BK.25X3,8,$10.75,B548A42,2,$10.75
EGBA14408MM,$126.57,BK.25X4,8,$13.13,B548A42,2,$10.75
EGBA14408NN,$126.57,BK.25X4,8,$13.13,B548A42,2,$10.75
EGBA14608AA,$186.27,BK.25X6,8,$17.91,B548A52,2,$21.49
EGBA38308NN,$114.63,BK.375X3,8,$11.64,B548A42,2,$10.75
EGBC14308LLT,$105.08,BK.25X3T,8,$13.13
EGBC14408GG,$105.08,BK.25X4,8,$13.13
EGBA12206NN,$136.12,BK.5X2,6,$19.10,B548A53,2,$10.75
EGBC14307NN,$75.23,BK.25X3,7,$10.75
EGBA14106HHT,$71.64,BK.25X1T,6,$8.36,B548A41,2,$10.75
EGBA14106NN,$57.31,BK.25X1,6,$5.97,B548A41,2,$10.75
EGBA14206BB,$71.64,BK.25X2,6,$8.36,B548A41,2,$10.75
EGBA14206EET,$85.97,BK.25X2T,6,$10.75,B548A41,2,$10.75
EGBA14206GG,$71.64,BK.25X2,6,$8.36,B548A41,2,$10.75
EGBA14206JJ,$71.64,BK.25X2,6,$8.36,B548A41,2,$10.75
EGBA14206NNT,$85.97,BK.25X2T,6,$10.75,B548A41,2,$10.75
EGBA14206SS,$71.64,BK.25X2,6,$8.36,B548A41,2,$10.75
EGBA14306CC,$85.97,BK.25X3,6,$10.75,B548A42,2,$10.75
EGBA14406CCT,$114.63,BK.25X4T,6,$15.52,B548A42,2,$10.75
EGBA14406LL,$100.30,BK.25X4,6,$13.13,B548A42,2,$10.75
EGBB14206EET,$81.20,BK.25X2T,6,$10.75,B548A62,2,$8.36
EGBB14206NN,$66.87,BK.25X2,6,$8.36,B548A62,2,$8.36
EGBF14406LLT,$150.45,BK.25X4T,6,$15.52,B548A42COVER,2,$14.33,PG.25x6,8,$3.58
EGBA14630CC,$580.31,BK.25X6,30,$17.91,B548A52,2,$21.49
EGBA14618CC,$365.38,BK.25X6,18,$17.91,B548A52,2,$21.49
EGBA14612GG,$257.92,BK.25X6,12,$17.91,B548A52,2,$21.49
EGBA14624LL,$472.84,BK.25X6,24,$17.91,B548A52,2,$21.49
EGBA14612NN,$257.92,BK.25X6,12,$17.91,B548A52,2,$21.49
EGBA14396NN,"$1,074.65",BK.25X3,96,$10.75,B548A42,4,$10.75
EGBA14272NN,$634.04,BK.25X2,72,$8.36,B548A41,3,$10.75
EGBC14296NN,$802.40,BK.25X2,96,$8.36
EGBA14172NN,$462.10,BK.25X1,72,$5.97,B548A41,3,$10.75
EGBA14260JJ,$533.74,BK.25X2,60,$8.36,B548A41,3,$10.75
EGBA14260BB,$533.74,BK.25X2,60,$8.36,B548A41,3,$10.75
EGBA14472CC,$977.93,BK.25X4,72,$13.13,B548A42,3,$10.75
EGBA14460CC,$820.31,BK.25X4,60,$13.13,B548A42,3,$10.75
EGBA14448MM,$662.70,BK.25X4,48,$13.13,B548A42,3,$10.75
EGBA14336NN,$408.37,BK.25X3,36,$10.75,B548A42,2,$10.75
EGBA14436CC,$494.34,BK.25X4,36,$13.13,B548A42,2,$10.75
EGBA14436DD,$494.34,BK.25X4,36,$13.13,B548A42,2,$10.75
EGBA14436JJ,$494.34,BK.25X4,36,$13.13,B548A42,2,$10.75
EGBA14436LL,$494.34,BK.25X4,36,$13.13,B548A42,2,$10.75
EGBA14436MM,$494.34,BK.25X4,36,$13.13,B548A42,2,$10.75
EGBA14436NN,$494.34,BK.25X4,36,$13.13,B548A42,2,$10.75
EGBA14436RR,$494.34,BK.25X4,36,$13.13,B548A42,2,$10.75
EGBA14436QQ,$494.34,BK.25X4,36,$13.13,B548A42,2,$10.75
EGBA14432GG,$441.80,BK.25X4,32,$13.13,B548A42,2,$10.75
EGBA14432CC,$441.80,BK.25X4,32,$13.13,B548A42,2,$10.75
EGBA14430CC,$415.53,BK.25X4,30,$13.13,B548A42,2,$10.75
EGBA14230HH,$272.24,BK.25X2,30,$8.36,B548A41,2,$10.75
EGBA14430LL,$415.53,BK.25X4,30,$13.13,B548A42,2,$10.75
EGBC14428CC,$367.77,BK.25X4,28,$13.13
EGBA14324AA,$279.41,BK.25X3,24,$10.75,B548A42,2,$10.75
EGBA14324CC,$279.41,BK.25X3,24,$10.75,B548A42,2,$10.75
EGBA14324LL,$279.41,BK.25X3,24,$10.75,B548A42,2,$10.75
EGBA14324NN,$279.41,BK.25X3,24,$10.75,B548A42,2,$10.75
EGBA14424BB,$336.72,BK.25X4,24,$13.13,B548A42,2,$10.75
EGBA14424DD,$336.72,BK.25X4,24,$13.13,B548A42,2,$10.75
EGBA14424EE,$336.72,BK.25X4,24,$13.13,B548A42,2,$10.75
EGBA14424GG,$336.72,BK.25X4,24,$13.13,B548A42,2,$10.75
EGBA14424JJ,$336.72,BK.25X4,24,$13.13,B548A42,2,$10.75
EGBA14424KK,$336.72,BK.25X4,24,$13.13,B548A42,2,$10.75
EGBA14424LLT,$394.04,BK.25X4T,24,$15.52,B548A42,2,$10.75
EGBA14424MM,$336.72,BK.25X4,24,$13.13,B548A42,2,$10.75
EGBA14424NN,$336.72,BK.25X4,24,$13.13,B548A42,2,$10.75
EGBA14424QQ,$336.72,BK.25X4,24,$13.13,B548A42,2,$10.75
EGBA14220JJ,$188.66,BK.25X2,20,$8.36,B548A41,2,$10.75
EGBA14420AA,$284.18,BK.25X4,20,$13.13,B548A42,2,$10.75
EGBA14420LL,$284.18,BK.25X4,20,$13.13,B548A42,2,$10.75
EGBA14420NN,$284.18,BK.25X4,20,$13.13,B548A42,2,$10.75
EGBB14420CC,$279.41,BK.25X4,20,$13.13,B548A63,2,$8.36
EGBF14420CC,$370.16,BK.25X4,20,$13.13,B548A42COVER,2,$14.33,PG.25x6,22,$3.58
EGBA14318NN,$214.93,BK.25X3,18,$10.75,B548A42,2,$10.75
EGBA14418DD,$257.92,BK.25X4,18,$13.13,B548A42,2,$10.75
EGBC14124NN,$143.29,BK.25X1,24,$5.97
EGBA14418GG,$257.92,BK.25X4,18,$13.13,B548A42,2,$10.75
EGBA14418MM,$257.92,BK.25X4,18,$13.13,B548A42,2,$10.75
EGBA14216BB,$155.23,BK.25X2,16,$8.36,B548A41,2,$10.75
EGBA14216NN,$155.23,BK.25X2,16,$8.36,B548A41,2,$10.75
EGBA14416LL,$231.65,BK.25X4,16,$13.13,B548A42,2,$10.75
EGBA14215JJ,$146.87,BK.25X2,15,$8.36,B548A41,2,$10.75
EGBA14215NN,$146.87,BK.25X2,15,$8.36,B548A41,2,$10.75
EGBA14214BB,$138.51,BK.25X2,14,$8.36,B548A41,2,$10.75
EGBA14214EE,$138.51,BK.25X2,14,$8.36,B548A41,2,$10.75
EGBA14414GG,$205.38,BK.25X4,14,$13.13,B548A42,2,$10.75
EGBB14414CC,$200.60,BK.25X4,14,$13.13,B548A63,2,$8.36
EGBA14213NN,$130.15,BK.25X2,13,$8.36,B548A41,2,$10.75
EGBA14212JJ,$121.79,BK.25X2,12,$8.36,B548A41,2,$10.75
EGBA14212NN,$121.79,BK.25X2,12,$8.36,B548A41,2,$10.75
EGBA14312CC,$150.45,BK.25X3,12,$10.75,B548A42,2,$10.75
EGBA14312EE,$150.45,BK.25X3,12,$10.75,B548A42,2,$10.75
EGBA14312HH,$150.45,BK.25X3,12,$10.75,B548A42,2,$10.75
EGBA14312MM,$150.45,BK.25X3,12,$10.75,B548A42,2,$10.75
EGBA14312NN,$150.45,BK.25X3,12,$10.75,B548A42,2,$10.75
EGBA14412CC,$179.11,BK.25X4,12,$13.13,B548A42,2,$10.75
EGBA14412DD,$179.11,BK.25X4,12,$13.13,B548A42,2,$10.75
EGBA14412HH,$179.11,BK.25X4,12,$13.13,B548A42,2,$10.75
EGBA14412JJ,$179.11,BK.25X4,12,$13.13,B548A42,2,$10.75
EGBA14412MM,$179.11,BK.25X4,12,$13.13,B548A42,2,$10.75
EGBC14312NN,$128.96,BK.25X3,12,$10.75
EGBD14412NN,$169.56,BK.25X4,12,$13.13,B548A74,2,$5.97
EGBA14210EE,$105.08,BK.25X2,10,$8.36,B548A41,2,$10.75
EGBA14210NN,$105.08,BK.25X2,10,$8.36,B548A41,2,$10.75
EGBA14410CC,$152.84,BK.25X4,10,$13.13,B548A42,2,$10.75
EGBA14410GG,$152.84,BK.25X4,10,$13.13,B548A42,2,$10.75
EGBA14410RR,$152.84,BK.25X4,10,$13.13,B548A42,2,$10.75
EGBA14208BB,$88.36,BK.25X2,8,$8.36,B548A41,2,$10.75
EGBA14308NN,$107.46,BK.25X3,8,$10.75,B548A42,2,$10.75
EGBA14206EE,$71.64,BK.25X2,6,$8.36,B548A41,2,$10.75
EGBA14406CC,$100.30,BK.25X4,6,$13.13,B548A42,2,$10.75
EGBC14110HH,$59.70,BK.25X1,10,$5.97
EGBC14106EE,$35.82,BK.25X1,6,$5.97
EGBC14206NN,$50.15,BK.25X2,6,$8.36
EGBA14424CC,$336.72,BK.25X4,24,$13.13,B548A42,2,$10.75
EGBA14424LL,$336.72,BK.25X4,24,$13.13,B548A42,2,$10.75
EGBA14436GG,$494.34,BK.25X4,36,$13.13,B548A42,2,$10.75
EGBA14424RR,$336.72,BK.25X4,24,$13.13,B548A42,2,$10.75
EGBA14420QQ,$284.18,BK.25X4,20,$13.13,B548A42,2,$10.75
EGBA14118NN,$128.96,BK.25X1,18,$5.97,B548A41,2,$10.75
EGBB14418BB,$253.14,BK.25X4,18,$13.13,B548A63,2,$8.36
EGBF14418CC,$336.72,BK.25X4,18,$13.13,B548A42COVER,2,$14.33,PG.25x6,20,$3.58
EGBF14418LL,$336.72,BK.25X4,18,$13.13,B548A42COVER,2,$14.33,PG.25x6,20,$3.58
EGBA14216EE,$155.23,BK.25X2,16,$8.36,B548A41,2,$10.75
EGBA14416BB,$231.65,BK.25X4,16,$13.13,B548A42,2,$10.75
EGBC14316LL,$171.94,BK.25X3,16,$10.75
EGBA14415GG,$218.51,BK.25X4,15,$13.13,B548A42,2,$10.75
EGBF14416LL,$303.29,BK.25X4,16,$13.13,B548A42COVER,2,$14.33,PG.25x6,18,$3.58
EGBA14415LL,$218.51,BK.25X4,15,$13.13,B548A42,2,$10.75
EGBA14214NN,$138.51,BK.25X2,14,$8.36,B548A41,2,$10.75
EGBA14414BB,$205.38,BK.25X4,14,$13.13,B548A42,2,$10.75
EGBA14414MM,$205.38,BK.25X4,14,$13.13,B548A42,2,$10.75
EGBA14414NN,$205.38,BK.25X4,14,$13.13,B548A42,2,$10.75
EGBA14212EE,$121.79,BK.25X2,12,$8.36,B548A41,2,$10.75
EGBA14212HH,$121.79,BK.25X2,12,$8.36,B548A41,2,$10.75
EGBA14312BB,$150.45,BK.25X3,12,$10.75,B548A42,2,$10.75
EGBA14312GG,$150.45,BK.25X3,12,$10.75,B548A42,2,$10.75
EGBA14312LL,$150.45,BK.25X3,12,$10.75,B548A42,2,$10.75
EGBA14412AA,$179.11,BK.25X4,12,$13.13,B548A42,2,$10.75
EGBA14412BB,$179.11,BK.25X4,12,$13.13,B548A42,2,$10.75
EGBA14412EE,$179.11,BK.25X4,12,$13.13,B548A42,2,$10.75
EGBA14412KK,$179.11,BK.25X4,12,$13.13,B548A42,2,$10.75
EGBA14412LL,$179.11,BK.25X4,12,$13.13,B548A42,2,$10.75
EGBA14412QQ,$179.11,BK.25X4,12,$13.13,B548A42,2,$10.75
EGBA14412RR,$179.11,BK.25X4,12,$13.13,B548A42,2,$10.75
EGBF14412LL,$236.42,BK.25X4,12,$13.13,B548A42COVER,2,$14.33,PG.25x6,14,$3.58
EGBA14210BB,$105.08,BK.25X2,10,$8.36,B548A41,2,$10.75
EGBA14310NN,$128.96,BK.25X3,10,$10.75,B548A42,2,$10.75
EGBA14410BB,$152.84,BK.25X4,10,$13.13,B548A42,2,$10.75
EGBA14410NN,$152.84,BK.25X4,10,$13.13,B548A42,2,$10.75
EGBC14310LL,$107.46,BK.25X3,10,$10.75
EGBA14208GG,$88.36,BK.25X2,8,$8.36,B548A41,2,$10.75
EGBA14408BB,$126.57,BK.25X4,8,$13.13,B548A42,2,$10.75
EGBA14106HH,$57.31,BK.25X1,6,$5.97,B548A41,2,$10.75
EGBA14206NN,$71.64,BK.25X2,6,$8.36,B548A41,2,$10.75
EGBA14306NN,$85.97,BK.25X3,6,$10.75,B548A42,2,$10.75
EGBA14406NN,$100.30,BK.25X4,6,$13.13,B548A42,2,$10.75
EGBB14106NN,$52.54,BK.25X1,6,$5.97,B548A62,2,$8.36
EGBF14406LL,$136.12,BK.25X4,6,$13.13,B548A42COVER,2,$14.33,PG.25x6,8,$3.58
EGBA14412GG,$179.11,BK.25X4,12,$13.13,B548A42,2,$10.75
EGBA14412NN,$179.11,BK.25X4,12,$13.13,B548A42,2,$10.75
EGBA143120DGT,"$1,803.33",BK.25X3T,120,$14.53,B548A42,5,$11.89
EGBA384120CB,"$1,961.47",BK.375X4,120,$15.85,B548A42,5,$11.89
EGBA14296BD,$935.16,BK.25X2,96,$9.25,B548A41,4,$11.89
EGBA14396EC,"$1,188.92",BK.25X3,96,$11.89,B548A42,4,$11.89
EGBA14472CB,"$1,082.00",BK.25X4,72,$14.53,B548A42,3,$11.89
EGBA14360DGT,$907.61,BK.25X3T,60,$14.53,B548A42,3,$11.89
EGBA14250BD,$497.96,BK.25X2,50,$9.25,B548A41,3,$11.89
EGBA14450EB,$762.29,BK.25X4,50,$14.53,B548A42,3,$11.89
EGBA14348DGT,$733.22,BK.25X3T,48,$14.53,B548A42,3,$11.89
EGBA14448CB,$733.22,BK.25X4,48,$14.53,B548A42,3,$11.89
EGBA38448CB,$796.48,BK.375X4,48,$15.85,B548A42,3,$11.89
EGBF12448CB,"$1,386.74",BK.5X4,48,$23.78,B548A54COVER,3,$15.85,PG.25x6,50,$3.96
EGBA14442CB,$646.03,BK.25X4,42,$14.53,B548A42,3,$11.89
EGBA14236BD,$356.63,BK.25X2,36,$9.25,B548A41,2,$11.89
EGBA14436CB,$546.94,BK.25X4,36,$14.53,B548A42,2,$11.89
EGBF12436CB,"$1,038.07",BK.5X4,36,$23.78,B548A54COVER,2,$15.85,PG.25x6,38,$3.96
EGBA14433DBT,$590.43,BK.25X4T,33,$17.17,B548A42,2,$11.89
EGBB14433DBT,$585.14,BK.25X4T,33,$17.17,B548A63,2,$9.25
EGBB14330CB,$375.17,BK.25X3,30,$11.89,B548A63,2,$9.25
EGBA14428BDT,$504.57,BK.25X4T,28,$17.17,B548A42,2,$11.89
EGBA14336DGT,$546.94,BK.25X3T,36,$14.53,B548A42,2,$11.89
EGBA14224BE,$245.68,BK.25X2,24,$9.25,B548A41,2,$11.89
EGBA14324CF,$309.12,BK.25X3,24,$11.89,B548A42,2,$11.89
EGBA14324EC,$309.12,BK.25X3,24,$11.89,B548A42,2,$11.89
EGBD14336CC2QK,$599.70,BK.25X3,36,$11.89,B548A74,2,$6.60,A800A23,10,$15.85
EGBF12426CB,$760.73,BK.5X4,26,$23.78,B548A54COVER,2,$15.85,PG.25x6,28,$3.96
