TMGBA12L15P,$198.17,BK.25X4,12,$14.53,B548A46,2,$11.89
TMGBA16L19PT,$298.52,BK.25X4T,16,$17.17,B548A46,2,$11.89
TMGBA12L15PT,$229.83,BK.25X4T,12,$17.17,B548A46,2,$11.89
TMGBA18L23P,$285.36,BK.25X4,18,$14.53,B548A46,2,$11.89
TMGBA18L23PT,$332.86,BK.25X4T,18,$17.17,B548A46,2,$11.89
TMGBA20L27PT,$367.20,BK.25X4T,20,$17.17,B548A46,2,$11.89
TMGBA24L33PT,$435.89,BK.25X4T,24,$17.17,B548A46,2,$11.89
TMGBA16L19P,$256.30,BK.25X4,16,$14.53,B548A46,2,$11.89
TMGBA20L27P,$314.43,BK.25X4,20,$14.53,B548A46,2,$11.89
TMGBA24L33P,$372.56,BK.25X4,24,$14.53,B548A46,2,$11.89
TMGBC20L27P,$290.65,BK.25X4,20,$14.53
TMGBA29L41P,$445.22,BK.25X4,29,$14.53,B548A46,2,$11.89
TMGBA29L41PT,$521.75,BK.25X4T,29,$17.17,B548A46,2,$11.89
TMGBF12L15PT,$293.18,BK.25X4T,12,$17.17,B548A46COVER,2,$15.85,PG.25x6,14,$3.96
TMGBF24L33PT,$546.75,BK.25X4T,24,$17.17,B548A46COVER,2,$15.85,PG.25x6,26,$3.96
TMGBF24L33P,$483.42,BK.25X4,24,$14.53,B548A46COVER,2,$15.85,PG.25x6,26,$3.96
TGBA06L02P,$79.25,BK.25X2,6,$9.25,B548A45,2,$11.89
TGBA06L02PT,$95.11,BK.25X2T,6,$11.89,B548A45,2,$11.89
TGBA12L06P,$134.73,BK.25X2,12,$9.25,B548A45,2,$11.89
TGBA16L08P,$214.01,BK.25X2T,16,$9.25,B548A45,2,$11.89
TGBA18L10P,$190.20,BK.25X2,18,$9.25,B548A45,2,$11.89
TGBA18L10PT,$237.78,BK.25X2T,18,$11.89,B548A45,2,$11.89
TGBA20L12P,$208.70,BK.25X2,20,$9.25,B548A45,2,$11.89
TGBA20L12PT,$261.56,BK.25X2T,20,$11.89,B548A45,2,$11.89
TGBA24L14PT,$309.12,BK.25X2T,24,$11.89,B548A45,2,$11.89
TGBA29L18P,$291.91,BK.25X2,29,$9.25,B548A45,2,$11.89
TGBA29L18PT,$368.57,BK.25X2T,29,$11.89,B548A45,2,$11.89
TGBF06L02P,$108.32,BK.25X2,6,$9.25,B548A45COVER,2,$15.85,PG.25x4,8,$2.64
TGBF06L02PT,$124.18,BK.25X2T,6,$11.89,B548A45COVER,2,$15.85,PG.25x4,8,$2.64
TGBF12L06PT,$211.37,BK.25X2T,12,$11.89,B548A45COVER,2,$15.85,PG.25x4,14,$2.64
TGBF24L14PT,$385.76,BK.25X2T,24,$11.89,B548A45COVER,2,$15.85,PG.25x4,26,$2.64
TGBA24L14P,$245.68,BK.25X2,24,$9.25,B548A45,2,$11.89
TGBA16L08PT,$214.01,BK.25X2T,16,$11.89,B548A45,2,$11.89
TGBA12L06PT,$166.45,BK.25X2T,12,$11.89,B548A45,2,$11.89
